Station Name,State,District,Month,Year,Rainfall (mm)
CHANDIGARH,Haryana,CHANDIGARH,Apr,2022,14.9
WALTAIR,Andhra Pradesh,VISAKHAPATNAM,Apr,2022,56.6
KURNOOL,Andhra Pradesh,KURNOOL,Apr,2022,21.1
PAMBAN,Tamil Nadu,RAMANATHAPURAM,Apr,2022,17.6
NARSINGHPUR,Madhya Pradesh,NARSINGHPUR,Apr,2022,0
CHIKALTHANA(A),Maharashtra,AURANGABAD,Apr,2022,3.7
JAGDALPUR,Chhattisgarh,BASTAR,Apr,2022,59.3
KUKERNAG,Jammu and Kashmir,ANATNAG,Apr,2022,95.4
KALINGAPATNAM,Andhra Pradesh,SRIKAKULAM,Apr,2022,1.2
AGARTALA,Tripura,WEST TRIPURA,Apr,2022,62.2
MUMBAI (SANTACRUZ (A)),Maharashtra,GREATER MUMBAI,Apr,2022,0
KOLKATA /DUM DUM(A),West Bengal,NORTH 24 PARGANAS,Apr,2022,1.5
KEONJHARGARH,Odisha,KEONJHAR,Apr,2022,49.8
SHILLONG (CSO),Meghalaya,EAST KHASI HILLS,Apr,2022,82.7
PORT BLAIR,Andaman and Nicobar Islands,SOUTH ANDAMAN,Apr,2022,247.9
JORHAT (PET),Assam,JORHAT,Apr,2022,43.1
AMRITSAR(A),Punjab,AMRITSAR,Apr,2022,21.3
CHENNAI (MINAMBAKKAM (A)),Tamil Nadu,CHENNAI,Apr,2022,28
SRINAGAR,Jammu and Kashmir,SRINAGAR,Apr,2022,88.9
KHANDWA,Madhya Pradesh,EAST NIMAR,Apr,2022,0
COOCH BEHAR (A),West Bengal,COOCH BEHAR,Apr,2022,97.5
CHANDBALI,Odisha,BHADRAK,Apr,2022,52.2
LUCKNOW/AMAUSI(A),Uttar Pradesh,LUCKNOW,Apr,2022,27.7
THIRUVANATHAPURAM (TRIVANDRUM),Kerala,THIRUVANATHA PURAM,Apr,2022,130.9
KOTTAYAM,Kerala,KOTTAYAM,Apr,2022,185.6
ITANAGAR MO (NAHARLAGUN),Arunachal Pradesh,PAPUM PARE,Apr,2022,195.5
GANGTOK,Sikkim,EAST SIKKIM,Apr,2022,255.2
HARNAI,Maharashtra,RATNAGIRI,Apr,2022,0
GONDIA,Maharashtra,GONDIA,Apr,2022,0
KAVALI,Andhra Pradesh,NELLORE,Apr,2022,0.1
NASHIK,Maharashtra,NASHIK,Apr,2022,19.2
SATARA,Maharashtra,SATARA,Apr,2022,29.1
DHARMAPURI,Tamil Nadu,DHARMAPURI,Apr,2022,102
KATRA,Jammu and Kashmir,REASI,Apr,2022,59.8
MALDA,West Bengal,MALDAH,Apr,2022,5.5
KAKINADA,Andhra Pradesh,EAST GODAVARI,Apr,2022,5.1
SAGAR,Madhya Pradesh,SAGAR,Apr,2022,1.4
CHERRAPUNJI,Meghalaya,EAST KHASI HILLS,Apr,2022,342.6
KARAIKAL,Puducherry,PUDUCHERRY,Apr,2022,0.8
MAHBOOBNAGAR,Telangana,MAHBOOB NAGAR,Apr,2022,53
PUDUCHERRY (PONDICHERRY) (A),Puducherry,PUDUCHERRY,Apr,2022,4.2
SUNDERNAGAR,Himachal Pradesh,MANDI,Apr,2022,100
AKOLA CITY,Maharashtra,AKOLA ,Apr,2022,2.7
ONGOLE,Andhra Pradesh,PRAKASAM,Apr,2022,0.1
TEZPUR,Assam,SONITPUR,Apr,2022,70.1
GADAG,Karnataka,GADAG,Apr,2022,62.1
BHAGALPUR,Bihar,BHAGALPUR,Apr,2022,0
PURI,Odisha,PURI,Apr,2022,31.6
MEDAK,Telangana,MEDAK,Apr,2022,5
CHENNAI (NUNGAMBAKKAM),Tamil Nadu,CHENNAI,Apr,2022,24.4
BARAMATI,Maharashtra,PUNE,Apr,2022,4.8
PURULIA,West Bengal,PURULIA,Apr,2022,0.2
SILCHAR,Assam,CACHAR,Apr,2022,110.4
MACHILIPATNAM(CDR),Andhra Pradesh,KRISHNA,Apr,2022,21.7
KUPWARA,Jammu and Kashmir,KUPWARA,Apr,2022,125.9
BHUNTAR(A),Himachal Pradesh,KULU,Apr,2022,173.9
DALTONGANJ,Jharkhand,PALAMAU,Apr,2022,1.8
ANATAPUR,Andhra Pradesh,ANATAPUR,Apr,2022,44.3
NAGPUR (A),Maharashtra,NAGPUR ,Apr,2022,1.6
KOLHAPUR,Maharashtra,KOLHAPUR,Apr,2022,57.1
SALEM,Tamil Nadu,SALEM,Apr,2022,55.6
NACOWRY,Andaman and Nicobar Islands,NICOBAR,Apr,2022,103.9
TONDI,Tamil Nadu,RAMANATHAPURAM,Apr,2022,0
PAHALGAM,Jammu and Kashmir,ANATNAG,Apr,2022,131.2
DIBRUGARH / MOHANBARI (A),Assam,DIBRUGARH,Apr,2022,116.9
BANIHAL,Jammu and Kashmir,RAMBAN,Apr,2022,139.8
RATNAGIRI,Maharashtra,RATNAGIRI,Apr,2022,0
DIAMOND HARBOUR,West Bengal,SOUTH 24 PARGANAS,Apr,2022,48.6
LUDHIANA(A),Punjab,LUDHIANA,Apr,2022,13
VELLORE,Tamil Nadu,VELLORE,Apr,2022,27.9
AGATHI(A),Lakshadweep,LAKSHADWEEP,Apr,2022,53.7
DIGHA,West Bengal,PURBA MEDNAPUR,Apr,2022,8.5
PALAKKAD (PALGHAT),Kerala,PALAKKAD,Apr,2022,64.7
PUNALUR,Kerala,KOLLAM,Apr,2022,265
DHUBRI,Assam,DHUBRI,Apr,2022,81.8
HALDIA,West Bengal,PURBA MEDNAPUR,Apr,2022,31
PUNE,Maharashtra,PUNE,Apr,2022,28.3
BANKURA 1,West Bengal,BANKURA,Apr,2022,66
CAR NICOBAR,Andaman and Nicobar Islands,NICOBAR,Apr,2022,171
AMINI DIVI,Lakshadweep,LAKSHADWEEP,Apr,2022,64.8
ALAPPUZHA (ALLEPPEY),Kerala,ALAPPUZHA,Apr,2022,132.5
KOLKATA (ALIPORE),West Bengal,SOUTH 24 PARGANAS,Apr,2022,44.7
T.B.I.A.(THANE- BELAPUR),Maharashtra,THANE,Apr,2022,0
BARAPANI/UMROI(A),Meghalaya,RI BHOI,Apr,2022,58.6
HYDERABAD(A),Telangana,HYDERABAD,Apr,2022,27.5
SOLAPUR,Maharashtra,SOLAPUR,Apr,2022,46.4
DARJEELING,West Bengal,DARJEELING,Apr,2022,77.9
PURNEA,Bihar,PURNEA,Apr,2022,34.2
THRISSUR (TRICHUR),Kerala,THRISSUR,Apr,2022,72.4
QUAZI GUND,Jammu and Kashmir,ANATNAG,Apr,2022,109.4
MIDNAPORE,West Bengal,PASCHIM MEDNAPUR,Apr,2022,61.4
BETUL,Madhya Pradesh,BETUL,Apr,2022,20.4
BHUBANESHWAR(A),Odisha,KHURDAH,Apr,2022,4.6
KOZHIKODE (AIRPORT) / KARIPUR,Kerala,MALAPPURAM,Apr,2022,83.5
AIZWAL / LENGPUI (A),Mizoram,AIZWAL,Apr,2022,104.3
KARNAL,Haryana,KARNAL,Apr,2022,2.8
BADARWAH,Jammu and Kashmir,DODA,Apr,2022,132.6
JAMMU,Jammu and Kashmir,JAMMU,Apr,2022,40.7
TIRUCHIRAPALLI (A),Tamil Nadu,TIRUCHIRAPALLI,Apr,2022,18.1
KATHUA,Jammu and Kashmir,KATHUA,Apr,2022,28.2
KOZHIKODE,Kerala,KOZHIKODE,Apr,2022,46.5
PARADIP(CWR),Odisha,JAGATSINGHPUR,Apr,2022,27.6
PATNA(A),Bihar,PATNA,Apr,2022,2
SAMBALPUR,Odisha,SAMBALPUR,Apr,2022,8.8
GUWAHATI / BORJHAR(A),Assam,KAMRUP (METRO),Apr,2022,132.1
SHANTINIKETAN,West Bengal,BIRBHUM,Apr,2022,3.1
CANNING,West Bengal,SOUTH 24 PARGANAS,Apr,2022,2.8
COONOOR,Tamil Nadu,NILGIRIS,Apr,2022,123.1
JALPAIGURI,West Bengal,JALPAIGURI,Apr,2022,98.6
SHIMLA,Himachal Pradesh,SHIMLA,Apr,2022,171.8
PACHMARHI,Madhya Pradesh,HOSHANGABAD,Apr,2022,0.1
BATOTE,Jammu and Kashmir,RAMBAN,Apr,2022,164.2
PARBHANI,Maharashtra,PARBHANI,Apr,2022,0
GANNAVARAM(A),Andhra Pradesh,KRISHNA,Apr,2022,21.8
CUDDALORE,Tamil Nadu,CUDDALORE,Apr,2022,0
AMBALA,Haryana,AMBALA,Apr,2022,20.2
VENGURLA,Maharashtra,SINDHUDURG,Apr,2022,0
KAILASHAHAR AERO,Tripura,NORTH TRIPURA,Apr,2022,47.6
AMBIKAPUR,Chhattisgarh,SARGUJA,Apr,2022,3.6
CONTAI,West Bengal,PURBA MEDNAPUR,Apr,2022,0
RANCHI(A),Jharkhand,RANCHI,Apr,2022,16.3
RAMGUNDAM,Telangana,PEDDAPALLE,Apr,2022,0.1
PATIALA,Punjab,PATIALA,Apr,2022,22
NELLORE,Andhra Pradesh,NELLORE,Apr,2022,0.3
BALASORE,Odisha,BALASORE,Apr,2022,16.9
KODAIKANAL,Tamil Nadu,DINDIGUL,Apr,2022,130.8
PASIGHAT(A),Arunachal Pradesh,EAST SIANG,Apr,2022,127.8
PENDRA ROAD,Chhattisgarh,BILASPUR,Apr,2022,0.9
RENTACHINTALA,Andhra Pradesh,GUNTUR,Apr,2022,0
INDORE(A),Madhya Pradesh,INDORE,Apr,2022,0
GOPALPUR,Odisha,GANJAM,Apr,2022,5.7
NIZAMABAD,Telangana,NIZAMABAD,Apr,2022,22.2
COIMBATORE / PEELAMEDU (A),Tamil Nadu,COIMBATORE,Apr,2022,34.4
KOCHI A.P.(NEDUMBASSERY),Kerala,ERNAKULAM,Apr,2022,56.5
TIRUPATHI (A),Andhra Pradesh,CHITTOOR,Apr,2022,40.1
THIRUVANATHAPURAM (A) (TRIVANDRUM,Kerala,THIRUVANATHA PURAM,Apr,2022,67.6
GULMARG,Jammu and Kashmir,BARAMULA,Apr,2022,153.6
NORTH LAKHIMPUR(A) / LILABARI,Assam,LAKHIMPUR,Apr,2022,101.5
BAPTLA,Andhra Pradesh,GUNTUR,Apr,2022,0.5
JAMSHEDPUR(A),Jharkhand,EAST SINGHBHUM,Apr,2022,23.9
NARSAPUR,Andhra Pradesh,WEST GODAVARI,Apr,2022,2.8
IMPHAL / TULIHAL(A),Manipur,IMPHAL EAST,Apr,2022,45.1
KANNUR (CANNAORE),Kerala,KANNUR,Apr,2022,99.1
HISSAR,Haryana,HISSAR,Apr,2022,3.2
TUNI,Andhra Pradesh,EAST GODAVARI,Apr,2022,44.8
MUMBAI (COLABA),Maharashtra,GREATER MUMBAI,Apr,2022,0
KANYAKUMARI,Tamil Nadu,KANYAKUMARI,Apr,2022,0
DAHANU,Maharashtra,THANE,Apr,2022,0
ADIRAMPATTINAM,Tamil Nadu,THANJAVUR,Apr,2022,34.1
KEONJHARGARH,Odisha,KEONJHAR,Dec,2022,64
JAMSHEDPUR(A),Jharkhand,EAST SINGHBHUM,Dec,2022,21.5
UJJAIN,Madhya Pradesh,UJJAIN,Dec,2022,12.4
DELHI RIDGE,Delhi,NORTH DELHI,Dec,2022,3.4
PURNEA,Bihar,PURNEA,Dec,2022,4.7
PAMBAN,Tamil Nadu,RAMANATHAPURAM,Dec,2022,63.6
THIRUVANATHAPURAM (TRIVANDRUM),Kerala,THIRUVANATHA PURAM,Dec,2022,40.7
GULMARG,Jammu and Kashmir,BARAMULA,Dec,2022,46
THIRUVANATHAPURAM (A) (TRIVANDRUM,Kerala,THIRUVANATHA PURAM,Dec,2022,5.1
KOCHI A.P.(NEDUMBASSERY),Kerala,ERNAKULAM,Dec,2022,23
KUKERNAG,Jammu and Kashmir,ANATNAG,Dec,2022,20.8
KANYAKUMARI,Tamil Nadu,KANYAKUMARI,Dec,2022,61.4
RANCHI(A),Jharkhand,RANCHI,Dec,2022,27.6
DALTONGANJ,Jharkhand,PALAMAU,Dec,2022,34.6
AGATHI(A),Lakshadweep,LAKSHADWEEP,Dec,2022,47.2
VELLORE,Tamil Nadu,VELLORE,Dec,2022,56.7
PAHALGAM,Jammu and Kashmir,ANATNAG,Dec,2022,27.5
DIAMOND HARBOUR,West Bengal,SOUTH 24 PARGANAS,Dec,2022,78.2
AMBALA,Haryana,AMBALA,Dec,2022,0
NIZAMABAD,Telangana,NIZAMABAD,Dec,2022,0.4
ALAPPUZHA (ALLEPPEY),Kerala,ALAPPUZHA,Dec,2022,1.2
PATNA(A),Bihar,PATNA,Dec,2022,5.1
BADARWAH,Jammu and Kashmir,DODA,Dec,2022,20.5
BANIHAL,Jammu and Kashmir,RAMBAN,Dec,2022,7.5
BHAGALPUR,Bihar,BHAGALPUR,Dec,2022,11.4
MEDAK,Telangana,MEDAK,Dec,2022,0
MALDA,West Bengal,MALDAH,Dec,2022,4.2
HALDIA,West Bengal,PURBA MEDNAPUR,Dec,2022,14.4
MAHBOOBNAGAR,Telangana,MAHBOOB NAGAR,Dec,2022,0
KATHUA,Jammu and Kashmir,KATHUA,Dec,2022,0
SRINAGAR,Jammu and Kashmir,SRINAGAR,Dec,2022,20.9
JALPAIGURI,West Bengal,JALPAIGURI,Dec,2022,0.9
KUPWARA,Jammu and Kashmir,KUPWARA,Dec,2022,15.3
AJMER,Rajasthan,AJMER,Dec,2022,2
ASANSOL,West Bengal,PASCHIM BARDHAMAN,Dec,2022,0
KOLKATA (ALIPORE),West Bengal,SOUTH 24 PARGANAS,Dec,2022,97.7
ADILABAD,Telangana,ADILABAD,Dec,2022,4.2
RAMGUNDAM,Telangana,PEDDAPALLE,Dec,2022,0
HYDERABAD(A),Telangana,HYDERABAD,Dec,2022,0
KATRA,Jammu and Kashmir,REASI,Dec,2022,11.8
LUCKNOW/AMAUSI(A),Uttar Pradesh,LUCKNOW,Dec,2022,19
DARJEELING,West Bengal,DARJEELING,Dec,2022,33
BATOTE,Jammu and Kashmir,RAMBAN,Dec,2022,30.5
JAMMU,Jammu and Kashmir,JAMMU,Dec,2022,0.6
KOLKATA /DUM DUM(A),West Bengal,NORTH 24 PARGANAS,Dec,2022,35.9
KOZHIKODE (AIRPORT) / KARIPUR,Kerala,MALAPPURAM,Dec,2022,3.8
QUAZI GUND,Jammu and Kashmir,ANATNAG,Dec,2022,24.7
PUNE,Maharashtra,PUNE,Feb,2022,0
HYDERABAD(A),Telangana,HYDERABAD,Feb,2022,6.2
ADIRAMPATTINAM,Tamil Nadu,THANJAVUR,Feb,2022,32.1
T.B.I.A.(THANE- BELAPUR),Maharashtra,THANE,Feb,2022,0
KEONJHARGARH,Odisha,KEONJHAR,Feb,2022,4.2
PURI,Odisha,PURI,Feb,2022,0
JAMMU,Jammu and Kashmir,JAMMU,Feb,2022,0
PAMBAN,Tamil Nadu,RAMANATHAPURAM,Feb,2022,22.2
KARNAL,Haryana,KARNAL,Feb,2022,24
PASIGHAT(A),Arunachal Pradesh,EAST SIANG,Feb,2022,0.9
NADYAL,Andhra Pradesh,KURNOOL,Feb,2022,3
PORT BLAIR,Andaman and Nicobar Islands,SOUTH ANDAMAN,Feb,2022,92.2
NELLORE,Andhra Pradesh,NELLORE,Feb,2022,19.7
AMBALA,Haryana,AMBALA,Feb,2022,30
JALPAIGURI,West Bengal,JALPAIGURI,Feb,2022,2.8
KALINGAPATNAM,Andhra Pradesh,SRIKAKULAM,Feb,2022,0.1
GULBARGA,Karnataka,GULBARGA,Feb,2022,1
GANNAVARAM(A),Andhra Pradesh,KRISHNA,Feb,2022,0
KAKINADA,Andhra Pradesh,EAST GODAVARI,Feb,2022,18.4
SILCHAR,Assam,CACHAR,Feb,2022,0
MUMBAI (SANTACRUZ (A)),Maharashtra,GREATER MUMBAI,Feb,2022,0.3
LUCKNOW/AMAUSI(A),Uttar Pradesh,LUCKNOW,Feb,2022,8
SHILLONG (CSO),Meghalaya,EAST KHASI HILLS,Feb,2022,1
NIZAMABAD,Telangana,NIZAMABAD,Feb,2022,1.4
HARNAI,Maharashtra,RATNAGIRI,Feb,2022,0
NADIGAMA,Andhra Pradesh,KRISHNA,Feb,2022,0
HISSAR,Haryana,HISSAR,Feb,2022,0
IMPHAL / TULIHAL(A),Manipur,IMPHAL EAST,Feb,2022,0
CHENNAI (NUNGAMBAKKAM),Tamil Nadu,CHENNAI,Feb,2022,8.5
DHARMAPURI,Tamil Nadu,DHARMAPURI,Feb,2022,0
BATOTE,Jammu and Kashmir,RAMBAN,Feb,2022,32.4
GANGTOK,Sikkim,EAST SIKKIM,Feb,2022,47.6
SRINAGAR,Jammu and Kashmir,SRINAGAR,Feb,2022,16.5
PARBHANI,Maharashtra,PARBHANI,Feb,2022,7
PALAKKAD (PALGHAT),Kerala,PALAKKAD,Feb,2022,0
SHIMLA,Himachal Pradesh,SHIMLA,Feb,2022,8.4
NAGPUR (A),Maharashtra,NAGPUR ,Feb,2022,2.4
MANDI,Himachal Pradesh,MANDI,Feb,2022,5.1
BAPTLA,Andhra Pradesh,GUNTUR,Feb,2022,23
MEDAK,Telangana,MEDAK,Feb,2022,0
TEZPUR,Assam,SONITPUR,Feb,2022,2.5
DARJEELING,West Bengal,DARJEELING,Feb,2022,1.5
AIZWAL / LENGPUI (A),Mizoram,AIZWAL,Feb,2022,0
KOZHIKODE,Kerala,KOZHIKODE,Feb,2022,15.5
KOTTAYAM,Kerala,KOTTAYAM,Feb,2022,0
PATIALA,Punjab,PATIALA,Feb,2022,2
SUNDERNAGAR,Himachal Pradesh,MANDI,Feb,2022,7.7
THIRUVANATHAPURAM (TRIVANDRUM),Kerala,THIRUVANATHA PURAM,Feb,2022,0.3
NACOWRY,Andaman and Nicobar Islands,NICOBAR,Feb,2022,83
DIBRUGARH / MOHANBARI (A),Assam,DIBRUGARH,Feb,2022,1.1
NARSAPUR,Andhra Pradesh,WEST GODAVARI,Feb,2022,0.7
PUNALUR,Kerala,KOLLAM,Feb,2022,19.8
KOLHAPUR,Maharashtra,KOLHAPUR,Feb,2022,2.2
COIMBATORE / PEELAMEDU (A),Tamil Nadu,COIMBATORE,Feb,2022,2.8
LUDHIANA(A),Punjab,LUDHIANA,Feb,2022,5.1
RAMGUNDAM,Telangana,PEDDAPALLE,Feb,2022,0
PURULIA,West Bengal,PURULIA,Feb,2022,0
TIRUCHIRAPALLI (A),Tamil Nadu,TIRUCHIRAPALLI,Feb,2022,0
ONGOLE,Andhra Pradesh,PRAKASAM,Feb,2022,97.6
KANYAKUMARI,Tamil Nadu,KANYAKUMARI,Feb,2022,0
NASHIK,Maharashtra,NASHIK,Feb,2022,8.4
KOLKATA /DUM DUM(A),West Bengal,NORTH 24 PARGANAS,Feb,2022,1.4
BARAPANI/UMROI(A),Meghalaya,RI BHOI,Feb,2022,13.6
COOCH BEHAR (A),West Bengal,COOCH BEHAR,Feb,2022,0
AKOLA CITY,Maharashtra,AKOLA ,Feb,2022,0
BANGALORE,Karnataka,BENGALURU,Feb,2022,10.3
BHAGALPUR,Bihar,BHAGALPUR,Feb,2022,0
GUWAHATI / BORJHAR(A),Assam,KAMRUP (METRO),Feb,2022,0
HALDIA,West Bengal,PURBA MEDNAPUR,Feb,2022,0
KOLKATA (ALIPORE),West Bengal,SOUTH 24 PARGANAS,Feb,2022,1.5
COONOOR,Tamil Nadu,NILGIRIS,Feb,2022,217.3
RANCHI(A),Jharkhand,RANCHI,Feb,2022,7
VENGURLA,Maharashtra,SINDHUDURG,Feb,2022,0
KAVALI,Andhra Pradesh,NELLORE,Feb,2022,4.1
CHITRADURGA,Karnataka,CHITRADURGA,Feb,2022,0.4
TUNI,Andhra Pradesh,EAST GODAVARI,Feb,2022,0
PUDUCHERRY (PONDICHERRY) (A),Puducherry,PUDUCHERRY,Feb,2022,236.5
KUPWARA,Jammu and Kashmir,KUPWARA,Feb,2022,84.4
DELHI RIDGE,Delhi,NORTH DELHI,Feb,2022,3.4
ASANSOL,West Bengal,PASCHIM BARDHAMAN,Feb,2022,0
MADURAI(A),Tamil Nadu,MADURAI,Feb,2022,0
CUDDALORE,Tamil Nadu,CUDDALORE,Feb,2022,0
BARAMATI,Maharashtra,PUNE,Feb,2022,0
KANNUR (CANNAORE),Kerala,KANNUR,Feb,2022,2.5
QUAZI GUND,Jammu and Kashmir,ANATNAG,Feb,2022,45.2
NORTH LAKHIMPUR(A) / LILABARI,Assam,LAKHIMPUR,Feb,2022,8.5
CONTAI,West Bengal,PURBA MEDNAPUR,Feb,2022,0
MANGALORE(PANAMBUR),Karnataka,DAKSHIN KANNADA,Feb,2022,0.6
KARAIKAL,Puducherry,PUDUCHERRY,Feb,2022,37.4
MAHABALESHWAR,Maharashtra,SATARA,Feb,2022,2.8
KATRA,Jammu and Kashmir,REASI,Feb,2022,13.7
THRISSUR (TRICHUR),Kerala,THRISSUR,Feb,2022,0
ITANAGAR MO (NAHARLAGUN),Arunachal Pradesh,PAPUM PARE,Feb,2022,8.9
KAILASHAHAR AERO,Tripura,NORTH TRIPURA,Feb,2022,0
AGATHI(A),Lakshadweep,LAKSHADWEEP,Feb,2022,25.5
DIGHA,West Bengal,PURBA MEDNAPUR,Feb,2022,0
DALTONGANJ,Jharkhand,PALAMAU,Feb,2022,0.1
KARWAR,Karnataka,UTTAR KANNADA,Feb,2022,5.6
AGARTALA,Tripura,WEST TRIPURA,Feb,2022,0
KOZHIKODE (AIRPORT) / KARIPUR,Kerala,MALAPPURAM,Feb,2022,11.8
VELLORE,Tamil Nadu,VELLORE,Feb,2022,4.8
AMRITSAR(A),Punjab,AMRITSAR,Feb,2022,2.7
DHUBRI,Assam,DHUBRI,Feb,2022,0
PURNEA,Bihar,PURNEA,Feb,2022,0
SATARA,Maharashtra,SATARA,Feb,2022,9.8
AMINI DIVI,Lakshadweep,LAKSHADWEEP,Feb,2022,30.9
PAHALGAM,Jammu and Kashmir,ANATNAG,Feb,2022,48.7
BHUNTAR(A),Himachal Pradesh,KULU,Feb,2022,12.6
DAHANU,Maharashtra,THANE,Feb,2022,0
TONDI,Tamil Nadu,RAMANATHAPURAM,Feb,2022,0
WALTAIR,Andhra Pradesh,VISAKHAPATNAM,Feb,2022,0.4
RATNAGIRI,Maharashtra,RATNAGIRI,Feb,2022,0
KURNOOL,Andhra Pradesh,KURNOOL,Feb,2022,6.3
GULMARG,Jammu and Kashmir,BARAMULA,Feb,2022,92.4
ALAPPUZHA (ALLEPPEY),Kerala,ALAPPUZHA,Feb,2022,0
BADARWAH,Jammu and Kashmir,DODA,Feb,2022,55.5
MALDA,West Bengal,MALDAH,Feb,2022,0
KOCHI (NAS),Kerala,ERNAKULAM,Feb,2022,0.2
GONDIA,Maharashtra,GONDIA,Feb,2022,12.8
JORHAT (PET),Assam,JORHAT,Feb,2022,2.6
CHIKALTHANA(A),Maharashtra,AURANGABAD,Feb,2022,0.5
CHENNAI (MINAMBAKKAM (A)),Tamil Nadu,CHENNAI,Feb,2022,1.6
TIRUPATHI (A),Andhra Pradesh,CHITTOOR,Feb,2022,0.8
KUKERNAG,Jammu and Kashmir,ANATNAG,Feb,2022,41.6
CAR NICOBAR,Andaman and Nicobar Islands,NICOBAR,Feb,2022,26.6
JAMSHEDPUR(A),Jharkhand,EAST SINGHBHUM,Feb,2022,3.4
MUMBAI (COLABA),Maharashtra,GREATER MUMBAI,Feb,2022,0
BANIHAL,Jammu and Kashmir,RAMBAN,Feb,2022,87.6
KATHUA,Jammu and Kashmir,KATHUA,Feb,2022,3
GADAG,Karnataka,GADAG,Feb,2022,12.3
MANGALORE BAJPE(A),Karnataka,DAKSHIN KANNADA,Feb,2022,2.8
MINICOY,Lakshadweep,LAKSHADWEEP,Feb,2022,23.5
DIAMOND HARBOUR,West Bengal,SOUTH 24 PARGANAS,Feb,2022,0.3
THIRUVANATHAPURAM (A) (TRIVANDRUM,Kerala,THIRUVANATHA PURAM,Feb,2022,0.8
AROGYAVARAM,Andhra Pradesh,CHITTOOR,Feb,2022,78.6
ANATAPUR,Andhra Pradesh,ANATAPUR,Feb,2022,2.9
CHANDIGARH,Haryana,CHANDIGARH,Feb,2022,6.6
PARADIP(CWR),Odisha,JAGATSINGHPUR,Feb,2022,0
SOLAPUR,Maharashtra,SOLAPUR,Feb,2022,0.4
MACHILIPATNAM(CDR),Andhra Pradesh,KRISHNA,Feb,2022,4.9
SALEM,Tamil Nadu,SALEM,Feb,2022,1.4
BANKURA 1,West Bengal,BANKURA,Feb,2022,2.7
SHANTINIKETAN,West Bengal,BIRBHUM,Feb,2022,0
KOCHI A.P.(NEDUMBASSERY),Kerala,ERNAKULAM,Feb,2022,0
MIDNAPORE,West Bengal,PASCHIM MEDNAPUR,Feb,2022,2
SAMBALPUR,Odisha,SAMBALPUR,Feb,2022,3.3
KODAIKANAL,Tamil Nadu,DINDIGUL,Feb,2022,19.6
CHERRAPUNJI,Meghalaya,EAST KHASI HILLS,Feb,2022,5
NORTH LAKHIMPUR(A) / LILABARI,Assam,LAKHIMPUR,Jan,2022,28.2
NADYAL,Andhra Pradesh,KURNOOL,Jan,2022,3.2
HASSAN,Karnataka,HASSAN,Jan,2022,0
DAHANU,Maharashtra,THANE,Jan,2022,0.1
PUNALUR,Kerala,KOLLAM,Jan,2022,136.4
PAHALGAM,Jammu and Kashmir,ANATNAG,Jan,2022,148.1
CHANDIGARH,Haryana,CHANDIGARH,Jan,2022,5.5
KOLHAPUR,Maharashtra,KOLHAPUR,Jan,2022,19.8
KODAIKANAL,Tamil Nadu,DINDIGUL,Jan,2022,284.6
NEW DELHI / PALAM(A),Delhi,SOUTH WEST DELHI,Jan,2022,51.9
NASHIK,Maharashtra,NASHIK,Jan,2022,27.7
QUAZI GUND,Jammu and Kashmir,ANATNAG,Jan,2022,197
BANIHAL,Jammu and Kashmir,RAMBAN,Jan,2022,117.4
SALEM,Tamil Nadu,SALEM,Jan,2022,28.5
BHUBANESHWAR(A),Odisha,KHURDAH,Jan,2022,0
AGATHI(A),Lakshadweep,LAKSHADWEEP,Jan,2022,219.9
CHERRAPUNJI,Meghalaya,EAST KHASI HILLS,Jan,2022,12.2
JAGDALPUR,Chhattisgarh,BASTAR,Jan,2022,0
DELHI RIDGE,Delhi,NORTH DELHI,Jan,2022,43.6
AIZWAL / LENGPUI (A),Mizoram,AIZWAL,Jan,2022,5.6
TIRUPATHI (A),Andhra Pradesh,CHITTOOR,Jan,2022,45.7
SILCHAR,Assam,CACHAR,Jan,2022,7.8
ITANAGAR MO (NAHARLAGUN),Arunachal Pradesh,PAPUM PARE,Jan,2022,23.6
MANGALORE(PANAMBUR),Karnataka,DAKSHIN KANNADA,Jan,2022,36.8
KOZHIKODE (AIRPORT) / KARIPUR,Kerala,MALAPPURAM,Jan,2022,149.7
KARAIKAL,Puducherry,PUDUCHERRY,Jan,2022,284.5
KOCHI (NAS),Kerala,ERNAKULAM,Jan,2022,89.2
MACHILIPATNAM(CDR),Andhra Pradesh,KRISHNA,Jan,2022,0
SHIMOGA,Karnataka,SHIMOGA,Jan,2022,2
GULBARGA,Karnataka,GULBARGA,Jan,2022,0.8
IMPHAL / TULIHAL(A),Manipur,IMPHAL EAST,Jan,2022,5.8
SAMBALPUR,Odisha,SAMBALPUR,Jan,2022,8.2
JORHAT (PET),Assam,JORHAT,Jan,2022,14.3
INDORE(A),Madhya Pradesh,INDORE,Jan,2022,4.7
PARADIP(CWR),Odisha,JAGATSINGHPUR,Jan,2022,0
PURNEA,Bihar,PURNEA,Jan,2022,0.4
BARAPANI/UMROI(A),Meghalaya,RI BHOI,Jan,2022,0
PUNE,Maharashtra,PUNE,Jan,2022,3.6
SUNDERNAGAR,Himachal Pradesh,MANDI,Jan,2022,7.9
CAR NICOBAR,Andaman and Nicobar Islands,NICOBAR,Jan,2022,88.4
KOPPAL,Karnataka,KOPPAL,Jan,2022,4.5
KUKERNAG,Jammu and Kashmir,ANATNAG,Jan,2022,157.1
TUNI,Andhra Pradesh,EAST GODAVARI,Jan,2022,3.8
MUMBAI (SANTACRUZ (A)),Maharashtra,GREATER MUMBAI,Jan,2022,0.2
KATRA,Jammu and Kashmir,REASI,Jan,2022,111.8
AROGYAVARAM,Andhra Pradesh,CHITTOOR,Jan,2022,0
PURULIA,West Bengal,PURULIA,Jan,2022,0
THIRUVANATHAPURAM (A) (TRIVANDRUM,Kerala,THIRUVANATHA PURAM,Jan,2022,78.6
GUWAHATI / BORJHAR(A),Assam,KAMRUP (METRO),Jan,2022,0
BHAGALPUR,Bihar,BHAGALPUR,Jan,2022,0
CHINTAMANI,Karnataka,KOLAR,Jan,2022,1
MAHBOOBNAGAR,Telangana,MAHBOOB NAGAR,Jan,2022,0
CHITRADURGA,Karnataka,CHITRADURGA,Jan,2022,6.6
KAVALI,Andhra Pradesh,NELLORE,Jan,2022,32.8
ALAPPUZHA (ALLEPPEY),Kerala,ALAPPUZHA,Jan,2022,104.6
KUPWARA,Jammu and Kashmir,KUPWARA,Jan,2022,67.9
BADARWAH,Jammu and Kashmir,DODA,Jan,2022,161.7
JALPAIGURI,West Bengal,JALPAIGURI,Jan,2022,7.6
CHANDBALI,Odisha,BHADRAK,Jan,2022,0
SRINAGAR,Jammu and Kashmir,SRINAGAR,Jan,2022,150.8
RANCHI(A),Jharkhand,RANCHI,Jan,2022,0
GULMARG,Jammu and Kashmir,BARAMULA,Jan,2022,141.6
KAKINADA,Andhra Pradesh,EAST GODAVARI,Jan,2022,0
THRISSUR (TRICHUR),Kerala,THRISSUR,Jan,2022,45.7
VENGURLA,Maharashtra,SINDHUDURG,Jan,2022,0
KEONJHARGARH,Odisha,KEONJHAR,Jan,2022,1
AMINI DIVI,Lakshadweep,LAKSHADWEEP,Jan,2022,72
BATOTE,Jammu and Kashmir,RAMBAN,Jan,2022,197.1
BANKURA 1,West Bengal,BANKURA,Jan,2022,0
DARJEELING,West Bengal,DARJEELING,Jan,2022,0.6
GONDIA,Maharashtra,GONDIA,Jan,2022,11
CHIKALTHANA(A),Maharashtra,AURANGABAD,Jan,2022,13.6
MAHABALESHWAR,Maharashtra,SATARA,Jan,2022,5.8
AMBALA,Haryana,AMBALA,Jan,2022,19.6
KOLKATA /DUM DUM(A),West Bengal,NORTH 24 PARGANAS,Jan,2022,0
WALTAIR,Andhra Pradesh,VISAKHAPATNAM,Jan,2022,0
GAYA(A),Bihar,GAYA,Jan,2022,0
CONTAI,West Bengal,PURBA MEDNAPUR,Jan,2022,0
DAVANAGERE PTO,Karnataka,DAVANAGERE,Jan,2022,0
HYDERABAD(A),Telangana,HYDERABAD,Jan,2022,1.9
VELLORE,Tamil Nadu,VELLORE,Jan,2022,50.4
SHANTINIKETAN,West Bengal,BIRBHUM,Jan,2022,0
PARBHANI,Maharashtra,PARBHANI,Jan,2022,0
LUCKNOW/AMAUSI(A),Uttar Pradesh,LUCKNOW,Jan,2022,1
PATIALA,Punjab,PATIALA,Jan,2022,7.5
SAGAR,Madhya Pradesh,SAGAR,Jan,2022,2.4
DHUBRI,Assam,DHUBRI,Jan,2022,0
BHUNTAR(A),Himachal Pradesh,KULU,Jan,2022,30.1
HALDIA,West Bengal,PURBA MEDNAPUR,Jan,2022,0
BELGAUM / SAMBRE (A),Karnataka,BELGAUM,Jan,2022,0.7
HAVERI E.E.O,Karnataka,HAVERI,Jan,2022,3.6
CANNING,West Bengal,SOUTH 24 PARGANAS,Jan,2022,0
AGARTALA,Tripura,WEST TRIPURA,Jan,2022,5.2
HONAVAR,Karnataka,UTTAR KANNADA,Jan,2022,26.2
KANYAKUMARI,Tamil Nadu,KANYAKUMARI,Jan,2022,123.7
KARWAR,Karnataka,UTTAR KANNADA,Jan,2022,5.8
COOCH BEHAR (A),West Bengal,COOCH BEHAR,Jan,2022,0
PUDUCHERRY (PONDICHERRY) (A),Puducherry,PUDUCHERRY,Jan,2022,174.1
JAMMU,Jammu and Kashmir,JAMMU,Jan,2022,118.6
DALTONGANJ,Jharkhand,PALAMAU,Jan,2022,5.2
BANGALORE(A),Karnataka,BENGALURU URBAN,Jan,2022,19.6
KAILASHAHAR AERO,Tripura,NORTH TRIPURA,Jan,2022,10
DHARMAPURI,Tamil Nadu,DHARMAPURI,Jan,2022,30
NELLORE,Andhra Pradesh,NELLORE,Jan,2022,46.5
TEZPUR,Assam,SONITPUR,Jan,2022,34.2
COIMBATORE / PEELAMEDU (A),Tamil Nadu,COIMBATORE,Jan,2022,203.1
KOCHI A.P.(NEDUMBASSERY),Kerala,ERNAKULAM,Jan,2022,98.5
TIRUCHIRAPALLI (A),Tamil Nadu,TIRUCHIRAPALLI,Jan,2022,170.3
DIGHA,West Bengal,PURBA MEDNAPUR,Jan,2022,0
KANNUR (CANNAORE),Kerala,KANNUR,Jan,2022,41
MADURAI(A),Tamil Nadu,MADURAI,Jan,2022,116.6
TONDI,Tamil Nadu,RAMANATHAPURAM,Jan,2022,268.1
ONGOLE,Andhra Pradesh,PRAKASAM,Jan,2022,6.3
GANGTOK,Sikkim,EAST SIKKIM,Jan,2022,31.2
JAMSHEDPUR(A),Jharkhand,EAST SINGHBHUM,Jan,2022,3.8
NAGPUR (A),Maharashtra,NAGPUR ,Jan,2022,2.6
T.B.I.A.(THANE- BELAPUR),Maharashtra,THANE,Jan,2022,0
CUDDALORE,Tamil Nadu,CUDDALORE,Jan,2022,123.7
KOZHIKODE,Kerala,KOZHIKODE,Jan,2022,97.2
MEDAK,Telangana,MEDAK,Jan,2022,0
HARNAI,Maharashtra,RATNAGIRI,Jan,2022,8.8
KOTTAYAM,Kerala,KOTTAYAM,Jan,2022,89.8
ADILABAD,Telangana,ADILABAD,Jan,2022,0
KALINGAPATNAM,Andhra Pradesh,SRIKAKULAM,Jan,2022,3
GOPALPUR,Odisha,GANJAM,Jan,2022,0.2
NARSAPUR,Andhra Pradesh,WEST GODAVARI,Jan,2022,0
MIDNAPORE,West Bengal,PASCHIM MEDNAPUR,Jan,2022,0.4
HISSAR,Haryana,HISSAR,Jan,2022,15.5
CHENNAI (MINAMBAKKAM (A)),Tamil Nadu,CHENNAI,Jan,2022,104.7
COONOOR,Tamil Nadu,NILGIRIS,Jan,2022,342.7
BHADRACHALAM (KOTHAGUDEM),Telangana,B.KOTHAGUDEM,Jan,2022,0
SHILLONG (CSO),Meghalaya,EAST KHASI HILLS,Jan,2022,0
PATNA(A),Bihar,PATNA,Jan,2022,0
PENDRA ROAD,Chhattisgarh,BILASPUR,Jan,2022,14.4
NADIGAMA,Andhra Pradesh,KRISHNA,Jan,2022,0
MUMBAI (COLABA),Maharashtra,GREATER MUMBAI,Jan,2022,0.6
ANATAPUR,Andhra Pradesh,ANATAPUR,Jan,2022,17.3
PALAKKAD (PALGHAT),Kerala,PALAKKAD,Jan,2022,45
SOLAPUR,Maharashtra,SOLAPUR,Jan,2022,0
BARAMATI,Maharashtra,PUNE,Jan,2022,10.6
RATNAGIRI,Maharashtra,RATNAGIRI,Jan,2022,0.5
BAPTLA,Andhra Pradesh,GUNTUR,Jan,2022,0
LUDHIANA(A),Punjab,LUDHIANA,Jan,2022,6
NIZAMABAD,Telangana,NIZAMABAD,Jan,2022,0.5
RAICHUR,Karnataka,RAICHUR,Jan,2022,0
SHIMLA,Himachal Pradesh,SHIMLA,Jan,2022,23.2
CHENNAI (NUNGAMBAKKAM),Tamil Nadu,CHENNAI,Jan,2022,166.2
ADIRAMPATTINAM,Tamil Nadu,THANJAVUR,Jan,2022,401.5
AKOLA CITY,Maharashtra,AKOLA ,Jan,2022,3.1
KATHUA,Jammu and Kashmir,KATHUA,Jan,2022,50.6
PAMBAN,Tamil Nadu,RAMANATHAPURAM,Jan,2022,276.2
MINICOY,Lakshadweep,LAKSHADWEEP,Jan,2022,210.7
THIRUVANATHAPURAM (TRIVANDRUM),Kerala,THIRUVANATHA PURAM,Jan,2022,97.9
PURI,Odisha,PURI,Jan,2022,0
NACOWRY,Andaman and Nicobar Islands,NICOBAR,Jan,2022,245.3
SATARA,Maharashtra,SATARA,Jan,2022,4.3
MADIKERI/MERCARA,Karnataka,KODAGU,Jan,2022,50.4
GANNAVARAM(A),Andhra Pradesh,KRISHNA,Jan,2022,0
PASIGHAT(A),Arunachal Pradesh,EAST SIANG,Jan,2022,26
MALDA,West Bengal,MALDAH,Jan,2022,0
AMBIKAPUR,Chhattisgarh,SARGUJA,Jan,2022,6.3
KURNOOL,Andhra Pradesh,KURNOOL,Jan,2022,3.8
PORT BLAIR,Andaman and Nicobar Islands,SOUTH ANDAMAN,Jan,2022,18.1
KOLKATA (ALIPORE),West Bengal,SOUTH 24 PARGANAS,Jan,2022,0
DIAMOND HARBOUR,West Bengal,SOUTH 24 PARGANAS,Jan,2022,0
MANA(A),Chhattisgarh,RAIPUR,Jan,2022,0
DIBRUGARH / MOHANBARI (A),Assam,DIBRUGARH,Jan,2022,10.4
RAMGUNDAM,Telangana,PEDDAPALLE,Jan,2022,2.8
ASANSOL,West Bengal,PASCHIM BARDHAMAN,Jan,2022,0
AMINI DIVI,Lakshadweep,LAKSHADWEEP,Jul,2022,151.4
LUCKNOW/AMAUSI(A),Uttar Pradesh,LUCKNOW,Jul,2022,187.9
SILCHAR,Assam,CACHAR,Jul,2022,458.9
NIZAMABAD,Telangana,NIZAMABAD,Jul,2022,515.7
ALAPPUZHA (ALLEPPEY),Kerala,ALAPPUZHA,Jul,2022,347.2
BHUNTAR(A),Himachal Pradesh,KULU,Jul,2022,253.3
KOLKATA (ALIPORE),West Bengal,SOUTH 24 PARGANAS,Jul,2022,513.4
AGARTALA,Tripura,WEST TRIPURA,Jul,2022,540
ASANSOL,West Bengal,PASCHIM BARDHAMAN,Jul,2022,406.9
RAMGUNDAM,Telangana,PEDDAPALLE,Jul,2022,359.1
AMBALA,Haryana,AMBALA,Jul,2022,298.8
CHENNAI (NUNGAMBAKKAM),Tamil Nadu,CHENNAI,Jul,2022,242.8
SALEM,Tamil Nadu,SALEM,Jul,2022,241.1
PORT BLAIR,Andaman and Nicobar Islands,SOUTH ANDAMAN,Jul,2022,627.8
JAGDALPUR,Chhattisgarh,BASTAR,Jul,2022,281.9
SHILLONG (CSO),Meghalaya,EAST KHASI HILLS,Jul,2022,352.4
KOLKATA /DUM DUM(A),West Bengal,NORTH 24 PARGANAS,Jul,2022,704.2
KEONJHARGARH,Odisha,KEONJHAR,Jul,2022,297.1
TEZPUR,Assam,SONITPUR,Jul,2022,248.7
KATHUA,Jammu and Kashmir,KATHUA,Jul,2022,317
SOLAN,Himachal Pradesh,SOLAN,Jul,2022,265.8
NASHIK,Maharashtra,NASHIK,Jul,2022,139.7
KOCHI A.P.(NEDUMBASSERY),Kerala,ERNAKULAM,Jul,2022,653.2
KALINGAPATNAM,Andhra Pradesh,SRIKAKULAM,Jul,2022,245.4
JALPAIGURI,West Bengal,JALPAIGURI,Jul,2022,590.1
KATRA,Jammu and Kashmir,REASI,Jul,2022,599.6
BHADRACHALAM (KOTHAGUDEM),Telangana,B.KOTHAGUDEM,Jul,2022,383.8
MACHILIPATNAM(CDR),Andhra Pradesh,KRISHNA,Jul,2022,322.9
CHERRAPUNJI,Meghalaya,EAST KHASI HILLS,Jul,2022,1210.7
TIRUCHIRAPALLI (A),Tamil Nadu,TIRUCHIRAPALLI,Jul,2022,164
HALDIA,West Bengal,PURBA MEDNAPUR,Jul,2022,642.1
KOZHIKODE,Kerala,KOZHIKODE,Jul,2022,638.2
BETUL,Madhya Pradesh,BETUL,Jul,2022,305.9
THIRUVANATHAPURAM (TRIVANDRUM),Kerala,THIRUVANATHA PURAM,Jul,2022,262.7
THIRUVANATHAPURAM (A) (TRIVANDRUM,Kerala,THIRUVANATHA PURAM,Jul,2022,192.2
KUKERNAG,Jammu and Kashmir,ANATNAG,Jul,2022,75.4
THRISSUR (TRICHUR),Kerala,THRISSUR,Jul,2022,627.4
ADILABAD,Telangana,ADILABAD,Jul,2022,407.8
DHUBRI,Assam,DHUBRI,Jul,2022,444.8
NACOWRY,Andaman and Nicobar Islands,NICOBAR,Jul,2022,271.7
QUAZI GUND,Jammu and Kashmir,ANATNAG,Jul,2022,99.7
KAILASHAHAR AERO,Tripura,NORTH TRIPURA,Jul,2022,261
BARAPANI/UMROI(A),Meghalaya,RI BHOI,Jul,2022,316.9
KAKINADA,Andhra Pradesh,EAST GODAVARI,Jul,2022,327.7
SRINAGAR,Jammu and Kashmir,SRINAGAR,Jul,2022,51.4
GULMARG,Jammu and Kashmir,BARAMULA,Jul,2022,129.4
BAPTLA,Andhra Pradesh,GUNTUR,Jul,2022,175.6
ADIRAMPATTINAM,Tamil Nadu,THANJAVUR,Jul,2022,79.3
PURULIA,West Bengal,PURULIA,Jul,2022,30.1
PENDRA ROAD,Chhattisgarh,BILASPUR,Jul,2022,265
PATIALA,Punjab,PATIALA,Jul,2022,300.4
GANGTOK,Sikkim,EAST SIKKIM,Jul,2022,673
PAHALGAM,Jammu and Kashmir,ANATNAG,Jul,2022,216.8
BATOTE,Jammu and Kashmir,RAMBAN,Jul,2022,229
CONTAI,West Bengal,PURBA MEDNAPUR,Jul,2022,289
COOCH BEHAR (A),West Bengal,COOCH BEHAR,Jul,2022,836.4
PURNEA,Bihar,PURNEA,Jul,2022,304.5
MIDNAPORE,West Bengal,PASCHIM MEDNAPUR,Jul,2022,486.8
DIGHA,West Bengal,PURBA MEDNAPUR,Jul,2022,323.4
GUWAHATI / BORJHAR(A),Assam,KAMRUP (METRO),Jul,2022,161.3
HYDERABAD(A),Telangana,HYDERABAD,Jul,2022,268.2
CAR NICOBAR,Andaman and Nicobar Islands,NICOBAR,Jul,2022,361.8
DIAMOND HARBOUR,West Bengal,SOUTH 24 PARGANAS,Jul,2022,460.8
MANA(A),Chhattisgarh,RAIPUR,Jul,2022,232.7
KANNUR (CANNAORE),Kerala,KANNUR,Jul,2022,609.6
AKOLA CITY,Maharashtra,AKOLA ,Jul,2022,390.7
PUDUCHERRY (PONDICHERRY) (A),Puducherry,PUDUCHERRY,Jul,2022,135
PASIGHAT(A),Arunachal Pradesh,EAST SIANG,Jul,2022,250.9
AIZWAL / LENGPUI (A),Mizoram,AIZWAL,Jul,2022,291.8
MEDAK,Telangana,MEDAK,Jul,2022,450
SHIMLA,Himachal Pradesh,SHIMLA,Jul,2022,281.4
JAMMU,Jammu and Kashmir,JAMMU,Jul,2022,560.3
SOLAPUR,Maharashtra,SOLAPUR,Jul,2022,141.5
GANNAVARAM(A),Andhra Pradesh,KRISHNA,Jul,2022,517.9
PATNA(A),Bihar,PATNA,Jul,2022,222
MUMBAI (SANTACRUZ (A)),Maharashtra,GREATER MUMBAI,Jul,2022,987.4
ANATAPUR,Andhra Pradesh,ANATAPUR,Jul,2022,134
JORHAT (PET),Assam,JORHAT,Jul,2022,156.4
SHANTINIKETAN,West Bengal,BIRBHUM,Jul,2022,362
AMRITSAR(A),Punjab,AMRITSAR,Jul,2022,207.2
MANGALORE(PANAMBUR),Karnataka,DAKSHIN KANNADA,Jul,2022,1105.1
IMPHAL / TULIHAL(A),Manipur,IMPHAL EAST,Jul,2022,136.7
KURNOOL,Andhra Pradesh,KURNOOL,Jul,2022,118.3
TUNI,Andhra Pradesh,EAST GODAVARI,Jul,2022,261
NELLORE,Andhra Pradesh,NELLORE,Jul,2022,75.3
BADARWAH,Jammu and Kashmir,DODA,Jul,2022,189.1
BANKURA 1,West Bengal,BANKURA,Jul,2022,413.7
KANYAKUMARI,Tamil Nadu,KANYAKUMARI,Jul,2022,81.9
NAGPUR (A),Maharashtra,NAGPUR ,Jul,2022,320.1
MALDA,West Bengal,MALDAH,Jul,2022,236.9
KUPWARA,Jammu and Kashmir,KUPWARA,Jul,2022,94.6
CHENNAI (MINAMBAKKAM (A)),Tamil Nadu,CHENNAI,Jul,2022,140.6
KARAIKAL,Puducherry,PUDUCHERRY,Jul,2022,58.7
BANIHAL,Jammu and Kashmir,RAMBAN,Jul,2022,109.1
ONGOLE,Andhra Pradesh,PRAKASAM,Jul,2022,148
BHAGALPUR,Bihar,BHAGALPUR,Jul,2022,200
SUNDERNAGAR,Himachal Pradesh,MANDI,Jul,2022,334.8
CANNING,West Bengal,SOUTH 24 PARGANAS,Jul,2022,849
PARADIP(CWR),Odisha,JAGATSINGHPUR,Jul,2022,211.5
RANCHI(A),Jharkhand,RANCHI,Jul,2022,392.3
DARJEELING,West Bengal,DARJEELING,Jul,2022,916.8
TIRUPATHI (A),Andhra Pradesh,CHITTOOR,Jul,2022,26.5
AGATHI(A),Lakshadweep,LAKSHADWEEP,Jul,2022,134.5
JAMSHEDPUR(A),Jharkhand,EAST SINGHBHUM,Jul,2022,481.5
KOTTAYAM,Kerala,KOTTAYAM,Jul,2022,580.8
KAVALI,Andhra Pradesh,NELLORE,Jul,2022,105.7
DALTONGANJ,Jharkhand,PALAMAU,Jul,2022,170.6
CHANDBALI,Odisha,BHADRAK,Jul,2022,231.4
MAHBOOBNAGAR,Telangana,MAHBOOB NAGAR,Jul,2022,307.1
NORTH LAKHIMPUR(A) / LILABARI,Assam,LAKHIMPUR,Jul,2022,504.3
VELLORE,Tamil Nadu,VELLORE,Jul,2022,223.6
ITANAGAR MO (NAHARLAGUN),Arunachal Pradesh,PAPUM PARE,Jul,2022,417.8
SAMBALPUR,Odisha,SAMBALPUR,Jul,2022,324.5
NARSAPUR,Andhra Pradesh,WEST GODAVARI,Jul,2022,316
CHIKALTHANA(A),Maharashtra,AURANGABAD,Jul,2022,133.4
PUNALUR,Kerala,KOLLAM,Jul,2022,281
UNA,Himachal Pradesh,UNA,Jul,2022,342.8
DIBRUGARH / MOHANBARI (A),Assam,DIBRUGARH,Jul,2022,216.9
GOPALPUR,Odisha,GANJAM,Jul,2022,153.6
KOCHI (NAS),Kerala,ERNAKULAM,Jul,2022,436.2
AMINI DIVI,Lakshadweep,LAKSHADWEEP,Jul,2022,151.4
LUCKNOW/AMAUSI(A),Uttar Pradesh,LUCKNOW,Jul,2022,187.9
SILCHAR,Assam,CACHAR,Jul,2022,458.9
NIZAMABAD,Telangana,NIZAMABAD,Jul,2022,515.7
ALAPPUZHA (ALLEPPEY),Kerala,ALAPPUZHA,Jul,2022,347.2
BHUNTAR(A),Himachal Pradesh,KULU,Jul,2022,253.3
KOLKATA (ALIPORE),West Bengal,SOUTH 24 PARGANAS,Jul,2022,513.4
AGARTALA,Tripura,WEST TRIPURA,Jul,2022,540
ASANSOL,West Bengal,PASCHIM BARDHAMAN,Jul,2022,406.9
RAMGUNDAM,Telangana,PEDDAPALLE,Jul,2022,359.1
AMBALA,Haryana,AMBALA,Jul,2022,298.8
CHENNAI (NUNGAMBAKKAM),Tamil Nadu,CHENNAI,Jul,2022,242.8
SALEM,Tamil Nadu,SALEM,Jul,2022,241.1
PORT BLAIR,Andaman and Nicobar Islands,SOUTH ANDAMAN,Jul,2022,627.8
JAGDALPUR,Chhattisgarh,BASTAR,Jul,2022,281.9
SHILLONG (CSO),Meghalaya,EAST KHASI HILLS,Jul,2022,352.4
KOLKATA /DUM DUM(A),West Bengal,NORTH 24 PARGANAS,Jul,2022,704.2
KEONJHARGARH,Odisha,KEONJHAR,Jul,2022,297.1
TEZPUR,Assam,SONITPUR,Jul,2022,248.7
KATHUA,Jammu and Kashmir,KATHUA,Jul,2022,317
SOLAN,Himachal Pradesh,SOLAN,Jul,2022,265.8
NASHIK,Maharashtra,NASHIK,Jul,2022,139.7
KOCHI A.P.(NEDUMBASSERY),Kerala,ERNAKULAM,Jul,2022,653.2
KALINGAPATNAM,Andhra Pradesh,SRIKAKULAM,Jul,2022,245.4
JALPAIGURI,West Bengal,JALPAIGURI,Jul,2022,590.1
KATRA,Jammu and Kashmir,REASI,Jul,2022,599.6
BHADRACHALAM (KOTHAGUDEM),Telangana,B.KOTHAGUDEM,Jul,2022,383.8
MACHILIPATNAM(CDR),Andhra Pradesh,KRISHNA,Jul,2022,322.9
CHERRAPUNJI,Meghalaya,EAST KHASI HILLS,Jul,2022,1210.7
TIRUCHIRAPALLI (A),Tamil Nadu,TIRUCHIRAPALLI,Jul,2022,164
HALDIA,West Bengal,PURBA MEDNAPUR,Jul,2022,642.1
KOZHIKODE,Kerala,KOZHIKODE,Jul,2022,638.2
BETUL,Madhya Pradesh,BETUL,Jul,2022,305.9
THIRUVANATHAPURAM (TRIVANDRUM),Kerala,THIRUVANATHA PURAM,Jul,2022,262.7
THIRUVANATHAPURAM (A) (TRIVANDRUM,Kerala,THIRUVANATHA PURAM,Jul,2022,192.2
KUKERNAG,Jammu and Kashmir,ANATNAG,Jul,2022,75.4
THRISSUR (TRICHUR),Kerala,THRISSUR,Jul,2022,627.4
ADILABAD,Telangana,ADILABAD,Jul,2022,407.8
DHUBRI,Assam,DHUBRI,Jul,2022,444.8
NACOWRY,Andaman and Nicobar Islands,NICOBAR,Jul,2022,271.7
QUAZI GUND,Jammu and Kashmir,ANATNAG,Jul,2022,99.7
KAILASHAHAR AERO,Tripura,NORTH TRIPURA,Jul,2022,261
BARAPANI/UMROI(A),Meghalaya,RI BHOI,Jul,2022,316.9
KAKINADA,Andhra Pradesh,EAST GODAVARI,Jul,2022,327.7
SRINAGAR,Jammu and Kashmir,SRINAGAR,Jul,2022,51.4
GULMARG,Jammu and Kashmir,BARAMULA,Jul,2022,129.4
BAPTLA,Andhra Pradesh,GUNTUR,Jul,2022,175.6
ADIRAMPATTINAM,Tamil Nadu,THANJAVUR,Jul,2022,79.3
PURULIA,West Bengal,PURULIA,Jul,2022,30.1
PENDRA ROAD,Chhattisgarh,BILASPUR,Jul,2022,265
PATIALA,Punjab,PATIALA,Jul,2022,300.4
GANGTOK,Sikkim,EAST SIKKIM,Jul,2022,673
PAHALGAM,Jammu and Kashmir,ANATNAG,Jul,2022,216.8
BATOTE,Jammu and Kashmir,RAMBAN,Jul,2022,229
CONTAI,West Bengal,PURBA MEDNAPUR,Jul,2022,289
COOCH BEHAR (A),West Bengal,COOCH BEHAR,Jul,2022,836.4
PURNEA,Bihar,PURNEA,Jul,2022,304.5
MIDNAPORE,West Bengal,PASCHIM MEDNAPUR,Jul,2022,486.8
DIGHA,West Bengal,PURBA MEDNAPUR,Jul,2022,323.4
GUWAHATI / BORJHAR(A),Assam,KAMRUP (METRO),Jul,2022,161.3
HYDERABAD(A),Telangana,HYDERABAD,Jul,2022,268.2
CAR NICOBAR,Andaman and Nicobar Islands,NICOBAR,Jul,2022,361.8
DIAMOND HARBOUR,West Bengal,SOUTH 24 PARGANAS,Jul,2022,460.8
MANA(A),Chhattisgarh,RAIPUR,Jul,2022,232.7
KANNUR (CANNAORE),Kerala,KANNUR,Jul,2022,609.6
AKOLA CITY,Maharashtra,AKOLA ,Jul,2022,390.7
PUDUCHERRY (PONDICHERRY) (A),Puducherry,PUDUCHERRY,Jul,2022,135
PASIGHAT(A),Arunachal Pradesh,EAST SIANG,Jul,2022,250.9
AIZWAL / LENGPUI (A),Mizoram,AIZWAL,Jul,2022,291.8
MEDAK,Telangana,MEDAK,Jul,2022,450
SHIMLA,Himachal Pradesh,SHIMLA,Jul,2022,281.4
JAMMU,Jammu and Kashmir,JAMMU,Jul,2022,560.3
SOLAPUR,Maharashtra,SOLAPUR,Jul,2022,141.5
GANNAVARAM(A),Andhra Pradesh,KRISHNA,Jul,2022,517.9
PATNA(A),Bihar,PATNA,Jul,2022,222
MUMBAI (SANTACRUZ (A)),Maharashtra,GREATER MUMBAI,Jul,2022,987.4
ANATAPUR,Andhra Pradesh,ANATAPUR,Jul,2022,134
JORHAT (PET),Assam,JORHAT,Jul,2022,156.4
SHANTINIKETAN,West Bengal,BIRBHUM,Jul,2022,362
AMRITSAR(A),Punjab,AMRITSAR,Jul,2022,207.2
MANGALORE(PANAMBUR),Karnataka,DAKSHIN KANNADA,Jul,2022,1105.1
IMPHAL / TULIHAL(A),Manipur,IMPHAL EAST,Jul,2022,136.7
KURNOOL,Andhra Pradesh,KURNOOL,Jul,2022,118.3
TUNI,Andhra Pradesh,EAST GODAVARI,Jul,2022,261
NELLORE,Andhra Pradesh,NELLORE,Jul,2022,75.3
BADARWAH,Jammu and Kashmir,DODA,Jul,2022,189.1
BANKURA 1,West Bengal,BANKURA,Jul,2022,413.7
KANYAKUMARI,Tamil Nadu,KANYAKUMARI,Jul,2022,81.9
NAGPUR (A),Maharashtra,NAGPUR ,Jul,2022,320.1
MALDA,West Bengal,MALDAH,Jul,2022,236.9
KUPWARA,Jammu and Kashmir,KUPWARA,Jul,2022,94.6
CHENNAI (MINAMBAKKAM (A)),Tamil Nadu,CHENNAI,Jul,2022,140.6
KARAIKAL,Puducherry,PUDUCHERRY,Jul,2022,58.7
BANIHAL,Jammu and Kashmir,RAMBAN,Jul,2022,109.1
ONGOLE,Andhra Pradesh,PRAKASAM,Jul,2022,148
BHAGALPUR,Bihar,BHAGALPUR,Jul,2022,200
SUNDERNAGAR,Himachal Pradesh,MANDI,Jul,2022,334.8
CANNING,West Bengal,SOUTH 24 PARGANAS,Jul,2022,849
PARADIP(CWR),Odisha,JAGATSINGHPUR,Jul,2022,211.5
RANCHI(A),Jharkhand,RANCHI,Jul,2022,392.3
DARJEELING,West Bengal,DARJEELING,Jul,2022,916.8
TIRUPATHI (A),Andhra Pradesh,CHITTOOR,Jul,2022,26.5
AGATHI(A),Lakshadweep,LAKSHADWEEP,Jul,2022,134.5
JAMSHEDPUR(A),Jharkhand,EAST SINGHBHUM,Jul,2022,481.5
KOTTAYAM,Kerala,KOTTAYAM,Jul,2022,580.8
KAVALI,Andhra Pradesh,NELLORE,Jul,2022,105.7
DALTONGANJ,Jharkhand,PALAMAU,Jul,2022,170.6
CHANDBALI,Odisha,BHADRAK,Jul,2022,231.4
MAHBOOBNAGAR,Telangana,MAHBOOB NAGAR,Jul,2022,307.1
NORTH LAKHIMPUR(A) / LILABARI,Assam,LAKHIMPUR,Jul,2022,504.3
VELLORE,Tamil Nadu,VELLORE,Jul,2022,223.6
ITANAGAR MO (NAHARLAGUN),Arunachal Pradesh,PAPUM PARE,Jul,2022,417.8
SAMBALPUR,Odisha,SAMBALPUR,Jul,2022,324.5
NARSAPUR,Andhra Pradesh,WEST GODAVARI,Jul,2022,316
CHIKALTHANA(A),Maharashtra,AURANGABAD,Jul,2022,133.4
PUNALUR,Kerala,KOLLAM,Jul,2022,281
UNA,Himachal Pradesh,UNA,Jul,2022,342.8
DIBRUGARH / MOHANBARI (A),Assam,DIBRUGARH,Jul,2022,216.9
GOPALPUR,Odisha,GANJAM,Jul,2022,153.6
KOCHI (NAS),Kerala,ERNAKULAM,Jul,2022,436.2
AGATHI(A),Lakshadweep,LAKSHADWEEP,Jun,2022,138.3
LUCKNOW/AMAUSI(A),Uttar Pradesh,LUCKNOW,Jun,2022,142.7
GOPALPUR,Odisha,GANJAM,Jun,2022,90.2
HALDIA,West Bengal,PURBA MEDNAPUR,Jun,2022,405.2
KOLKATA (ALIPORE),West Bengal,SOUTH 24 PARGANAS,Jun,2022,254.5
PURNEA,Bihar,PURNEA,Jun,2022,265.9
AMBIKAPUR,Chhattisgarh,SARGUJA,Jun,2022,271.8
THIRUVANATHAPURAM (A) (TRIVANDRUM,Kerala,THIRUVANATHA PURAM,Jun,2022,65.8
KARNAL,Haryana,KARNAL,Jun,2022,89.3
THIRUVANATHAPURAM (TRIVANDRUM),Kerala,THIRUVANATHA PURAM,Jun,2022,99.4
KUKERNAG,Jammu and Kashmir,ANATNAG,Jun,2022,77.5
KAKINADA,Andhra Pradesh,EAST GODAVARI,Jun,2022,69.5
ALAPPUZHA (ALLEPPEY),Kerala,ALAPPUZHA,Jun,2022,340.1
TEZPUR,Assam,SONITPUR,Jun,2022,420.8
KURNOOL,Andhra Pradesh,KURNOOL,Jun,2022,47.8
KAILASHAHAR AERO,Tripura,NORTH TRIPURA,Jun,2022,270.4
DAHANU,Maharashtra,THANE,Jun,2022,625
DIGHA,West Bengal,PURBA MEDNAPUR,Jun,2022,212.5
PURI,Odisha,PURI,Jun,2022,118.3
KOLHAPUR,Maharashtra,KOLHAPUR,Jun,2022,247
AMINI DIVI,Lakshadweep,LAKSHADWEEP,Jun,2022,169.4
JAGDALPUR,Chhattisgarh,BASTAR,Jun,2022,145.6
INDORE(A),Madhya Pradesh,INDORE,Jun,2022,75.8
COOCH BEHAR (A),West Bengal,COOCH BEHAR,Jun,2022,610.5
KODAIKANAL,Tamil Nadu,DINDIGUL,Jun,2022,152.1
PUDUCHERRY (PONDICHERRY) (A),Puducherry,PUDUCHERRY,Jun,2022,33.5
KALINGAPATNAM,Andhra Pradesh,SRIKAKULAM,Jun,2022,62.5
T.B.I.A.(THANE- BELAPUR),Maharashtra,THANE,Jun,2022,812
THRISSUR (TRICHUR),Kerala,THRISSUR,Jun,2022,473
HANAMKONDA,Telangana,WARANGAL URBAN,Jun,2022,138.6
PENDRA ROAD,Chhattisgarh,BILASPUR,Jun,2022,313
QUAZI GUND,Jammu and Kashmir,ANATNAG,Jun,2022,53
ASANSOL,West Bengal,PASCHIM BARDHAMAN,Jun,2022,256.5
LUDHIANA(A),Punjab,LUDHIANA,Jun,2022,73.7
PUNE,Maharashtra,PUNE,Jun,2022,152.5
PASIGHAT(A),Arunachal Pradesh,EAST SIANG,Jun,2022,881.5
SUNDERNAGAR,Himachal Pradesh,MANDI,Jun,2022,114.2
PAMBAN,Tamil Nadu,RAMANATHAPURAM,Jun,2022,7.8
BADARWAH,Jammu and Kashmir,DODA,Jun,2022,52.7
KOZHIKODE,Kerala,KOZHIKODE,Jun,2022,507.6
BETUL,Madhya Pradesh,BETUL,Jun,2022,253.6
CONTAI,West Bengal,PURBA MEDNAPUR,Jun,2022,406.8
IMPHAL / TULIHAL(A),Manipur,IMPHAL EAST,Jun,2022,102.5
DHUBRI,Assam,DHUBRI,Jun,2022,285.2
SILCHAR,Assam,CACHAR,Jun,2022,520
GULMARG,Jammu and Kashmir,BARAMULA,Jun,2022,46.2
CAR NICOBAR,Andaman and Nicobar Islands,NICOBAR,Jun,2022,164.6
NEW DELHI / PALAM(A),Delhi,SOUTH WEST DELHI,Jun,2022,31.9
PAHALGAM,Jammu and Kashmir,ANATNAG,Jun,2022,53
CHIKALTHANA(A),Maharashtra,AURANGABAD,Jun,2022,177.8
BAPTLA,Andhra Pradesh,GUNTUR,Jun,2022,92.3
NADYAL,Andhra Pradesh,KURNOOL,Jun,2022,170.2
BARAMATI,Maharashtra,PUNE,Jun,2022,81.8
BANGALORE,Karnataka,BENGALURU,Jun,2022,92.1
KANYAKUMARI,Tamil Nadu,KANYAKUMARI,Jun,2022,10.5
RANCHI(A),Jharkhand,RANCHI,Jun,2022,309.4
PATIALA,Punjab,PATIALA,Jun,2022,36.3
NIZAMABAD,Telangana,NIZAMABAD,Jun,2022,179.4
SHIMLA,Himachal Pradesh,SHIMLA,Jun,2022,180.8
VELLORE,Tamil Nadu,VELLORE,Jun,2022,74.6
BANIHAL,Jammu and Kashmir,RAMBAN,Jun,2022,42
MUMBAI (SANTACRUZ (A)),Maharashtra,GREATER MUMBAI,Jun,2022,785.3
MEDAK,Telangana,MEDAK,Jun,2022,220
AGARTALA,Tripura,WEST TRIPURA,Jun,2022,363.8
PARBHANI,Maharashtra,PARBHANI,Jun,2022,120.8
CUDDALORE,Tamil Nadu,CUDDALORE,Jun,2022,44.6
CHANDIGARH,Haryana,CHANDIGARH,Jun,2022,129.9
SATARA,Maharashtra,SATARA,Jun,2022,285.2
KOCHI (NAS),Kerala,ERNAKULAM,Jun,2022,415.4
JAMMU,Jammu and Kashmir,JAMMU,Jun,2022,84.7
KHAMMAM,Telangana,KHAMMAM,Jun,2022,241.4
SOLAPUR,Maharashtra,SOLAPUR,Jun,2022,153.2
NADIGAMA,Andhra Pradesh,KRISHNA,Jun,2022,125.5
UNA,Himachal Pradesh,UNA,Jun,2022,57.8
MANGALORE(PANAMBUR),Karnataka,DAKSHIN KANNADA,Jun,2022,829.2
KOZHIKODE (AIRPORT) / KARIPUR,Kerala,MALAPPURAM,Jun,2022,393.4
MIDNAPORE,West Bengal,PASCHIM MEDNAPUR,Jun,2022,285.8
TONDI,Tamil Nadu,RAMANATHAPURAM,Jun,2022,0
BHUNTAR(A),Himachal Pradesh,KULU,Jun,2022,76.8
NARSAPUR,Andhra Pradesh,WEST GODAVARI,Jun,2022,28.9
KUPWARA,Jammu and Kashmir,KUPWARA,Jun,2022,21.8
MUMBAI (COLABA),Maharashtra,GREATER MUMBAI,Jun,2022,694.8
KATRA,Jammu and Kashmir,REASI,Jun,2022,133.1
MACHILIPATNAM(CDR),Andhra Pradesh,KRISHNA,Jun,2022,180.9
PURULIA,West Bengal,PURULIA,Jun,2022,33.6
AIZWAL / LENGPUI (A),Mizoram,AIZWAL,Jun,2022,247.7
SHILLONG (CSO),Meghalaya,EAST KHASI HILLS,Jun,2022,227.1
AMBALA,Haryana,AMBALA,Jun,2022,67
AMRITSAR(A),Punjab,AMRITSAR,Jun,2022,50.7
RAMGUNDAM,Telangana,PEDDAPALLE,Jun,2022,278.3
HYDERABAD(A),Telangana,HYDERABAD,Jun,2022,90.3
TUNI,Andhra Pradesh,EAST GODAVARI,Jun,2022,113.7
MINICOY,Lakshadweep,LAKSHADWEEP,Jun,2022,172.4
BALASORE,Odisha,BALASORE,Jun,2022,129
PORT BLAIR,Andaman and Nicobar Islands,SOUTH ANDAMAN,Jun,2022,321.9
VENGURLA,Maharashtra,SINDHUDURG,Jun,2022,852
NORTH LAKHIMPUR(A) / LILABARI,Assam,LAKHIMPUR,Jun,2022,778.7
KAVALI,Andhra Pradesh,NELLORE,Jun,2022,14
SHANTINIKETAN,West Bengal,BIRBHUM,Jun,2022,361.9
CHENNAI (MINAMBAKKAM (A)),Tamil Nadu,CHENNAI,Jun,2022,86.1
COONOOR,Tamil Nadu,NILGIRIS,Jun,2022,42.6
KATHUA,Jammu and Kashmir,KATHUA,Jun,2022,33.4
DIBRUGARH / MOHANBARI (A),Assam,DIBRUGARH,Jun,2022,407.7
KANNUR (CANNAORE),Kerala,KANNUR,Jun,2022,376.9
NASHIK,Maharashtra,NASHIK,Jun,2022,94.1
ADIRAMPATTINAM,Tamil Nadu,THANJAVUR,Jun,2022,37.9
PARADIP(CWR),Odisha,JAGATSINGHPUR,Jun,2022,278.8
WALTAIR,Andhra Pradesh,VISAKHAPATNAM,Jun,2022,132.1
KOTTAYAM,Kerala,KOTTAYAM,Jun,2022,470
GUWAHATI / BORJHAR(A),Assam,KAMRUP (METRO),Jun,2022,252.1
MANA(A),Chhattisgarh,RAIPUR,Jun,2022,296.8
BARAPANI/UMROI(A),Meghalaya,RI BHOI,Jun,2022,245.2
HARNAI,Maharashtra,RATNAGIRI,Jun,2022,1294.4
JALPAIGURI,West Bengal,JALPAIGURI,Jun,2022,472.8
BANKURA 1,West Bengal,BANKURA,Jun,2022,604.9
SALEM,Tamil Nadu,SALEM,Jun,2022,82.6
SRINAGAR,Jammu and Kashmir,SRINAGAR,Jun,2022,18.6
KOLKATA /DUM DUM(A),West Bengal,NORTH 24 PARGANAS,Jun,2022,313.7
MALDA,West Bengal,MALDAH,Jun,2022,183.7
JORHAT (PET),Assam,JORHAT,Jun,2022,270.1
ONGOLE,Andhra Pradesh,PRAKASAM,Jun,2022,26.1
GONDIA,Maharashtra,GONDIA,Jun,2022,190
ANATAPUR,Andhra Pradesh,ANATAPUR,Jun,2022,108
NELLORE,Andhra Pradesh,NELLORE,Jun,2022,6.2
ITANAGAR MO (NAHARLAGUN),Arunachal Pradesh,PAPUM PARE,Jun,2022,679.3
RATNAGIRI,Maharashtra,RATNAGIRI,Jun,2022,1183
DALTONGANJ,Jharkhand,PALAMAU,Jun,2022,353.6
GANGTOK,Sikkim,EAST SIKKIM,Jun,2022,942.3
NAGPUR (A),Maharashtra,NAGPUR ,Jun,2022,197.7
PALAKKAD (PALGHAT),Kerala,PALAKKAD,Jun,2022,292.3
TIRUPATHI (A),Andhra Pradesh,CHITTOOR,Jun,2022,105.4
SAMBALPUR,Odisha,SAMBALPUR,Jun,2022,224.8
KOCHI A.P.(NEDUMBASSERY),Kerala,ERNAKULAM,Jun,2022,421.4
JAMSHEDPUR(A),Jharkhand,EAST SINGHBHUM,Jun,2022,311.6
BHAGALPUR,Bihar,BHAGALPUR,Jun,2022,401.5
RENTACHINTALA,Andhra Pradesh,GUNTUR,Jun,2022,118.9
GANNAVARAM(A),Andhra Pradesh,KRISHNA,Jun,2022,124.9
NACOWRY,Andaman and Nicobar Islands,NICOBAR,Jun,2022,213.3
DARJEELING,West Bengal,DARJEELING,Jun,2022,491
KADDAPA,Andhra Pradesh,KADDAPA,Jun,2022,118.6
AROGYAVARAM,Andhra Pradesh,CHITTOOR,Jun,2022,308.8
DHARAMSHALA,Himachal Pradesh,KANGRA,Jun,2022,207.2
TIRUCHIRAPALLI (A),Tamil Nadu,TIRUCHIRAPALLI,Jun,2022,85.6
CHENNAI (NUNGAMBAKKAM),Tamil Nadu,CHENNAI,Jun,2022,54.7
KARAIKAL,Puducherry,PUDUCHERRY,Jun,2022,23.6
BATOTE,Jammu and Kashmir,RAMBAN,Jun,2022,33.4
DIAMOND HARBOUR,West Bengal,SOUTH 24 PARGANAS,Jun,2022,418.7
MAHBOOBNAGAR,Telangana,MAHBOOB NAGAR,Jun,2022,107.6
CHERRAPUNJI,Meghalaya,EAST KHASI HILLS,Jun,2022,1987.4
COIMBATORE / PEELAMEDU (A),Tamil Nadu,COIMBATORE,Jun,2022,10.3
SHIMLA,Himachal Pradesh,SHIMLA,Mar,2022,46
CHANDBALI,Odisha,BHADRAK,Mar,2022,0.3
VENGURLA,Maharashtra,SINDHUDURG,Mar,2022,0
GADAG,Karnataka,GADAG,Mar,2022,0
MANDI,Himachal Pradesh,MANDI,Mar,2022,26.8
DHUBRI,Assam,DHUBRI,Mar,2022,25.7
MIDNAPORE,West Bengal,PASCHIM MEDNAPUR,Mar,2022,1
JAMSHEDPUR(A),Jharkhand,EAST SINGHBHUM,Mar,2022,27.9
VELLORE,Tamil Nadu,VELLORE,Mar,2022,0
ADILABAD,Telangana,ADILABAD,Mar,2022,0.8
ALAPPUZHA (ALLEPPEY),Kerala,ALAPPUZHA,Mar,2022,110.4
NASHIK,Maharashtra,NASHIK,Mar,2022,0.6
LUCKNOW/AMAUSI(A),Uttar Pradesh,LUCKNOW,Mar,2022,0.6
CHANDIGARH,Haryana,CHANDIGARH,Mar,2022,5.6
KOLKATA (ALIPORE),West Bengal,SOUTH 24 PARGANAS,Mar,2022,0
KOCHI (NAS),Kerala,ERNAKULAM,Mar,2022,40.2
KOTTAYAM,Kerala,KOTTAYAM,Mar,2022,69.4
AIZWAL / LENGPUI (A),Mizoram,AIZWAL,Mar,2022,45.5
DIGHA,West Bengal,PURBA MEDNAPUR,Mar,2022,0
THIRUVANATHAPURAM (A) (TRIVANDRUM,Kerala,THIRUVANATHA PURAM,Mar,2022,37.4
SUNDERNAGAR,Himachal Pradesh,MANDI,Mar,2022,11
PAMBAN,Tamil Nadu,RAMANATHAPURAM,Mar,2022,7.3
MUMBAI (SANTACRUZ (A)),Maharashtra,GREATER MUMBAI,Mar,2022,0
MANGALORE(PANAMBUR),Karnataka,DAKSHIN KANNADA,Mar,2022,15
SALEM,Tamil Nadu,SALEM,Mar,2022,1
THRISSUR (TRICHUR),Kerala,THRISSUR,Mar,2022,31.8
BARAPANI/UMROI(A),Meghalaya,RI BHOI,Mar,2022,3.5
COOCH BEHAR (A),West Bengal,COOCH BEHAR,Mar,2022,42.2
PUNE,Maharashtra,PUNE,Mar,2022,4.8
INDORE(A),Madhya Pradesh,INDORE,Mar,2022,3.6
KAKINADA,Andhra Pradesh,EAST GODAVARI,Mar,2022,0
PURNEA,Bihar,PURNEA,Mar,2022,0
ASANSOL,West Bengal,PASCHIM BARDHAMAN,Mar,2022,2.4
DARJEELING,West Bengal,DARJEELING,Mar,2022,24.8
RATNAGIRI,Maharashtra,RATNAGIRI,Mar,2022,0
NAGPUR (A),Maharashtra,NAGPUR ,Mar,2022,31.5
KUKERNAG,Jammu and Kashmir,ANATNAG,Mar,2022,143.4
MINICOY,Lakshadweep,LAKSHADWEEP,Mar,2022,27.7
KURNOOL,Andhra Pradesh,KURNOOL,Mar,2022,0
PALAKKAD (PALGHAT),Kerala,PALAKKAD,Mar,2022,65.8
KOVILANKULUM,Tamil Nadu,VIRUDHUNAGAR,Mar,2022,0
GANGTOK,Sikkim,EAST SIKKIM,Mar,2022,179.1
CHIKALTHANA(A),Maharashtra,AURANGABAD,Mar,2022,0.7
ONGOLE,Andhra Pradesh,PRAKASAM,Mar,2022,0
SILCHAR,Assam,CACHAR,Mar,2022,54.1
MALDA,West Bengal,MALDAH,Mar,2022,0.2
PURULIA,West Bengal,PURULIA,Mar,2022,8
DAHANU,Maharashtra,THANE,Mar,2022,0
MACHILIPATNAM(CDR),Andhra Pradesh,KRISHNA,Mar,2022,0
JORHAT (PET),Assam,JORHAT,Mar,2022,46.8
KODAIKANAL,Tamil Nadu,DINDIGUL,Mar,2022,40.7
CAR NICOBAR,Andaman and Nicobar Islands,NICOBAR,Mar,2022,159.4
KANNUR (CANNAORE),Kerala,KANNUR,Mar,2022,25.9
SRINAGAR,Jammu and Kashmir,SRINAGAR,Mar,2022,96.9
BETUL,Madhya Pradesh,BETUL,Mar,2022,42.8
HALDIA,West Bengal,PURBA MEDNAPUR,Mar,2022,0
PARADIP(CWR),Odisha,JAGATSINGHPUR,Mar,2022,0.2
BADARWAH,Jammu and Kashmir,DODA,Mar,2022,41.4
KATRA,Jammu and Kashmir,REASI,Mar,2022,69.4
QUAZI GUND,Jammu and Kashmir,ANATNAG,Mar,2022,205.4
NEW DELHI / PALAM(A),Delhi,SOUTH WEST DELHI,Mar,2022,3.2
KALINGAPATNAM,Andhra Pradesh,SRIKAKULAM,Mar,2022,0
KOCHI A.P.(NEDUMBASSERY),Kerala,ERNAKULAM,Mar,2022,83.7
AKOLA CITY,Maharashtra,AKOLA ,Mar,2022,12.4
KOZHIKODE,Kerala,KOZHIKODE,Mar,2022,43
NARSAPUR,Andhra Pradesh,WEST GODAVARI,Mar,2022,1.2
KAILASHAHAR AERO,Tripura,NORTH TRIPURA,Mar,2022,113.8
RANCHI(A),Jharkhand,RANCHI,Mar,2022,15.4
BANIHAL,Jammu and Kashmir,RAMBAN,Mar,2022,86.6
MUMBAI (COLABA),Maharashtra,GREATER MUMBAI,Mar,2022,0
MAHABALESHWAR,Maharashtra,SATARA,Mar,2022,20.7
AGATHI(A),Lakshadweep,LAKSHADWEEP,Mar,2022,0
AMRITSAR(A),Punjab,AMRITSAR,Mar,2022,11
RAMGUNDAM,Telangana,PEDDAPALLE,Mar,2022,0
PATIALA,Punjab,PATIALA,Mar,2022,4.6
NELLORE,Andhra Pradesh,NELLORE,Mar,2022,0
PASIGHAT(A),Arunachal Pradesh,EAST SIANG,Mar,2022,74
AMBALA,Haryana,AMBALA,Mar,2022,8.9
PAHALGAM,Jammu and Kashmir,ANATNAG,Mar,2022,159.9
SATARA,Maharashtra,SATARA,Mar,2022,0
ADIRAMPATTINAM,Tamil Nadu,THANJAVUR,Mar,2022,0
NIZAMABAD,Telangana,NIZAMABAD,Mar,2022,0
CHITRADURGA,Karnataka,CHITRADURGA,Mar,2022,0
BATOTE,Jammu and Kashmir,RAMBAN,Mar,2022,111.8
CHERRAPUNJI,Meghalaya,EAST KHASI HILLS,Mar,2022,160.6
KOZHIKODE (AIRPORT) / KARIPUR,Kerala,MALAPPURAM,Mar,2022,22
BELGAUM / SAMBRE (A),Karnataka,BELGAUM,Mar,2022,1.6
AMINI DIVI,Lakshadweep,LAKSHADWEEP,Mar,2022,0.3
COIMBATORE / PEELAMEDU (A),Tamil Nadu,COIMBATORE,Mar,2022,0
DIAMOND HARBOUR,West Bengal,SOUTH 24 PARGANAS,Mar,2022,0
DALTONGANJ,Jharkhand,PALAMAU,Mar,2022,1
CHENNAI (NUNGAMBAKKAM),Tamil Nadu,CHENNAI,Mar,2022,0
CUDDALORE,Tamil Nadu,CUDDALORE,Mar,2022,0
TIRUPATHI (A),Andhra Pradesh,CHITTOOR,Mar,2022,0
TUNI,Andhra Pradesh,EAST GODAVARI,Mar,2022,3.2
KARAIKAL,Puducherry,PUDUCHERRY,Mar,2022,0
PORT BLAIR,Andaman and Nicobar Islands,SOUTH ANDAMAN,Mar,2022,0
GULBARGA,Karnataka,GULBARGA,Mar,2022,0
KANYAKUMARI,Tamil Nadu,KANYAKUMARI,Mar,2022,34.6
CONTAI,West Bengal,PURBA MEDNAPUR,Mar,2022,0
COONOOR,Tamil Nadu,NILGIRIS,Mar,2022,143.5
MADURAI(A),Tamil Nadu,MADURAI,Mar,2022,0
IMPHAL / TULIHAL(A),Manipur,IMPHAL EAST,Mar,2022,57.8
KATHUA,Jammu and Kashmir,KATHUA,Mar,2022,14.4
SAMBALPUR,Odisha,SAMBALPUR,Mar,2022,8
KARWAR,Karnataka,UTTAR KANNADA,Mar,2022,18.8
PURI,Odisha,PURI,Mar,2022,0
NACOWRY,Andaman and Nicobar Islands,NICOBAR,Mar,2022,41.5
HONAVAR,Karnataka,UTTAR KANNADA,Mar,2022,3.2
NORTH LAKHIMPUR(A) / LILABARI,Assam,LAKHIMPUR,Mar,2022,30.9
TONDI,Tamil Nadu,RAMANATHAPURAM,Mar,2022,0
LUDHIANA(A),Punjab,LUDHIANA,Mar,2022,4.2
GONDIA,Maharashtra,GONDIA,Mar,2022,7.8
DHARMAPURI,Tamil Nadu,DHARMAPURI,Mar,2022,0
GUWAHATI / BORJHAR(A),Assam,KAMRUP (METRO),Mar,2022,88.1
KOLKATA /DUM DUM(A),West Bengal,NORTH 24 PARGANAS,Mar,2022,0
BHUBANESHWAR(A),Odisha,KHURDAH,Mar,2022,3.4
BARAMATI,Maharashtra,PUNE,Mar,2022,1.8
PUDUCHERRY (PONDICHERRY) (A),Puducherry,PUDUCHERRY,Mar,2022,0
CHENNAI (MINAMBAKKAM (A)),Tamil Nadu,CHENNAI,Mar,2022,0
TEZPUR,Assam,SONITPUR,Mar,2022,51.8
SHANTINIKETAN,West Bengal,BIRBHUM,Mar,2022,0.2
T.B.I.A.(THANE- BELAPUR),Maharashtra,THANE,Mar,2022,0
HYDERABAD(A),Telangana,HYDERABAD,Mar,2022,0
TIRUCHIRAPALLI (A),Tamil Nadu,TIRUCHIRAPALLI,Mar,2022,31.2
SOLAPUR,Maharashtra,SOLAPUR,Mar,2022,2.1
KAVALI,Andhra Pradesh,NELLORE,Mar,2022,0
KOLHAPUR,Maharashtra,KOLHAPUR,Mar,2022,0
THIRUVANATHAPURAM (TRIVANDRUM),Kerala,THIRUVANATHA PURAM,Mar,2022,88.3
HARNAI,Maharashtra,RATNAGIRI,Mar,2022,0
BANKURA 1,West Bengal,BANKURA,Mar,2022,19.1
JAGDALPUR,Chhattisgarh,BASTAR,Mar,2022,10.5
KUPWARA,Jammu and Kashmir,KUPWARA,Mar,2022,256
ITANAGAR MO (NAHARLAGUN),Arunachal Pradesh,PAPUM PARE,Mar,2022,100
SAGAR,Madhya Pradesh,SAGAR,Mar,2022,16.6
PUNALUR,Kerala,KOLLAM,Mar,2022,145.5
SHILLONG (CSO),Meghalaya,EAST KHASI HILLS,Mar,2022,41.5
DIBRUGARH / MOHANBARI (A),Assam,DIBRUGARH,Mar,2022,60.8
BALASORE,Odisha,BALASORE,Mar,2022,0
GULMARG,Jammu and Kashmir,BARAMULA,Mar,2022,229.6
KARNAL,Haryana,KARNAL,Mar,2022,4
AMBIKAPUR,Chhattisgarh,SARGUJA,Mar,2022,6.1
BHUNTAR(A),Himachal Pradesh,KULU,Mar,2022,37.7
JAMMU,Jammu and Kashmir,JAMMU,Mar,2022,21.2
KOLKATA (ALIPORE),West Bengal,SOUTH 24 PARGANAS,May,2022,391.4
KOCHI A.P.(NEDUMBASSERY),Kerala,ERNAKULAM,May,2022,516.7
MAHBOOBNAGAR,Telangana,MAHBOOB NAGAR,May,2022,33.4
KOTTAYAM,Kerala,KOTTAYAM,May,2022,799.4
CONTAI,West Bengal,PURBA MEDNAPUR,May,2022,286.2
BELGAUM / SAMBRE (A),Karnataka,BELGAUM,May,2022,128.8
DHUBRI,Assam,DHUBRI,May,2022,280
TEZPUR,Assam,SONITPUR,May,2022,195.5
COIMBATORE / PEELAMEDU (A),Tamil Nadu,COIMBATORE,May,2022,19.4
SAMBALPUR,Odisha,SAMBALPUR,May,2022,46.3
BETUL,Madhya Pradesh,BETUL,May,2022,36.2
KAVALI,Andhra Pradesh,NELLORE,May,2022,6.8
GANGTOK,Sikkim,EAST SIKKIM,May,2022,468.4
RENTACHINTALA,Andhra Pradesh,GUNTUR,May,2022,35.6
PURI,Odisha,PURI,May,2022,134
DARJEELING,West Bengal,DARJEELING,May,2022,387.1
QUAZI GUND,Jammu and Kashmir,ANATNAG,May,2022,56.4
KUKERNAG,Jammu and Kashmir,ANATNAG,May,2022,72.1
JORHAT (PET),Assam,JORHAT,May,2022,171
PURNEA,Bihar,PURNEA,May,2022,222.6
KOZHIKODE,Kerala,KOZHIKODE,May,2022,756.9
BADARWAH,Jammu and Kashmir,DODA,May,2022,119.1
PURULIA,West Bengal,PURULIA,May,2022,23
AMINI DIVI,Lakshadweep,LAKSHADWEEP,May,2022,300.9
JALPAIGURI,West Bengal,JALPAIGURI,May,2022,239.4
TIRUPATHI (A),Andhra Pradesh,CHITTOOR,May,2022,47.5
KATHUA,Jammu and Kashmir,KATHUA,May,2022,57.2
KEONJHARGARH,Odisha,KEONJHAR,May,2022,206.5
DIBRUGARH / MOHANBARI (A),Assam,DIBRUGARH,May,2022,337.9
KARAIKAL,Puducherry,PUDUCHERRY,May,2022,41.6
ADIRAMPATTINAM,Tamil Nadu,THANJAVUR,May,2022,21
MUMBAI (SANTACRUZ (A)),Maharashtra,GREATER MUMBAI,May,2022,0
BARAPANI/UMROI(A),Meghalaya,RI BHOI,May,2022,293.1
PORT BLAIR,Andaman and Nicobar Islands,SOUTH ANDAMAN,May,2022,473.7
KOLKATA /DUM DUM(A),West Bengal,NORTH 24 PARGANAS,May,2022,330.9
BHAGALPUR,Bihar,BHAGALPUR,May,2022,227.9
TUNI,Andhra Pradesh,EAST GODAVARI,May,2022,113.4
CHANDIGARH,Haryana,CHANDIGARH,May,2022,58.8
GAYA(A),Bihar,GAYA,May,2022,44.8
CUDDALORE,Tamil Nadu,CUDDALORE,May,2022,59.3
KALINGAPATNAM,Andhra Pradesh,SRIKAKULAM,May,2022,77.8
VELLORE,Tamil Nadu,VELLORE,May,2022,91.4
MIDNAPORE,West Bengal,PASCHIM MEDNAPUR,May,2022,299.2
TIRUCHIRAPALLI (A),Tamil Nadu,TIRUCHIRAPALLI,May,2022,67
ONGOLE,Andhra Pradesh,PRAKASAM,May,2022,54.2
MACHILIPATNAM(CDR),Andhra Pradesh,KRISHNA,May,2022,53.8
CAR NICOBAR,Andaman and Nicobar Islands,NICOBAR,May,2022,254.5
KARNAL,Haryana,KARNAL,May,2022,33
JAMSHEDPUR(A),Jharkhand,EAST SINGHBHUM,May,2022,267.4
PUDUCHERRY (PONDICHERRY) (A),Puducherry,PUDUCHERRY,May,2022,59.5
ASANSOL,West Bengal,PASCHIM BARDHAMAN,May,2022,153.6
PATNA(A),Bihar,PATNA,May,2022,63.6
KATRA,Jammu and Kashmir,REASI,May,2022,85.9
MUMBAI (COLABA),Maharashtra,GREATER MUMBAI,May,2022,50.2
ANATAPUR,Andhra Pradesh,ANATAPUR,May,2022,45
PALAKKAD (PALGHAT),Kerala,PALAKKAD,May,2022,131.9
BAPTLA,Andhra Pradesh,GUNTUR,May,2022,46.8
KHAMMAM,Telangana,KHAMMAM,May,2022,77
MANGALORE(PANAMBUR),Karnataka,DAKSHIN KANNADA,May,2022,488.7
SOLAPUR,Maharashtra,SOLAPUR,May,2022,86.9
HALDIA,West Bengal,PURBA MEDNAPUR,May,2022,228.4
MALDA,West Bengal,MALDAH,May,2022,189.9
KAILASHAHAR AERO,Tripura,NORTH TRIPURA,May,2022,281.8
IMPHAL / TULIHAL(A),Manipur,IMPHAL EAST,May,2022,117.5
RANCHI(A),Jharkhand,RANCHI,May,2022,171.2
KOLHAPUR,Maharashtra,KOLHAPUR,May,2022,124.4
NORTH LAKHIMPUR(A) / LILABARI,Assam,LAKHIMPUR,May,2022,428
GUWAHATI / BORJHAR(A),Assam,KAMRUP (METRO),May,2022,111.3
AGARTALA,Tripura,WEST TRIPURA,May,2022,266.7
JAMMU,Jammu and Kashmir,JAMMU,May,2022,60.3
BHUNTAR(A),Himachal Pradesh,KULU,May,2022,48.3
DIGHA,West Bengal,PURBA MEDNAPUR,May,2022,294.7
VENGURLA,Maharashtra,SINDHUDURG,May,2022,4
SRINAGAR,Jammu and Kashmir,SRINAGAR,May,2022,51.6
DIAMOND HARBOUR,West Bengal,SOUTH 24 PARGANAS,May,2022,354.9
AMBALA,Haryana,AMBALA,May,2022,37.2
GULMARG,Jammu and Kashmir,BARAMULA,May,2022,127.8
THIRUVANATHAPURAM (A) (TRIVANDRUM,Kerala,THIRUVANATHA PURAM,May,2022,723.7
AIZWAL / LENGPUI (A),Mizoram,AIZWAL,May,2022,185.8
KHANDWA,Madhya Pradesh,EAST NIMAR,May,2022,12
NIZAMABAD,Telangana,NIZAMABAD,May,2022,47.2
KOZHIKODE (AIRPORT) / KARIPUR,Kerala,MALAPPURAM,May,2022,463.2
NASHIK,Maharashtra,NASHIK,May,2022,52.7
SHIMLA,Himachal Pradesh,SHIMLA,May,2022,91.5
KODAIKANAL,Tamil Nadu,DINDIGUL,May,2022,184.5
ALAPPUZHA (ALLEPPEY),Kerala,ALAPPUZHA,May,2022,777.7
NARSINGHPUR,Madhya Pradesh,NARSINGHPUR,May,2022,0
KAKINADA,Andhra Pradesh,EAST GODAVARI,May,2022,63.6
AKOLA CITY,Maharashtra,AKOLA ,May,2022,28
SATARA,Maharashtra,SATARA,May,2022,97.3
CHENNAI (NUNGAMBAKKAM),Tamil Nadu,CHENNAI,May,2022,16.8
GONDIA,Maharashtra,GONDIA,May,2022,46
PARBHANI,Maharashtra,PARBHANI,May,2022,17.5
KANNUR (CANNAORE),Kerala,KANNUR,May,2022,550.3
INDORE(A),Madhya Pradesh,INDORE,May,2022,30
PACHMARHI,Madhya Pradesh,HOSHANGABAD,May,2022,16.2
HARNAI,Maharashtra,RATNAGIRI,May,2022,149.4
MINICOY,Lakshadweep,LAKSHADWEEP,May,2022,282.9
SHANTINIKETAN,West Bengal,BIRBHUM,May,2022,253.2
CHERRAPUNJI,Meghalaya,EAST KHASI HILLS,May,2022,806.5
THRISSUR (TRICHUR),Kerala,THRISSUR,May,2022,562.2
THIRUVANATHAPURAM (TRIVANDRUM),Kerala,THIRUVANATHA PURAM,May,2022,625.1
BATOTE,Jammu and Kashmir,RAMBAN,May,2022,154.4
BANIHAL,Jammu and Kashmir,RAMBAN,May,2022,73.9
PARADIP(CWR),Odisha,JAGATSINGHPUR,May,2022,461.5
PASIGHAT(A),Arunachal Pradesh,EAST SIANG,May,2022,405.9
RATNAGIRI,Maharashtra,RATNAGIRI,May,2022,537.4
SILCHAR,Assam,CACHAR,May,2022,426.5
PAHALGAM,Jammu and Kashmir,ANATNAG,May,2022,85.2
CHIKALTHANA(A),Maharashtra,AURANGABAD,May,2022,31.7
CANNING,West Bengal,SOUTH 24 PARGANAS,May,2022,164.4
RAMGUNDAM,Telangana,PEDDAPALLE,May,2022,50.1
PAMBAN,Tamil Nadu,RAMANATHAPURAM,May,2022,19.7
SHILLONG (CSO),Meghalaya,EAST KHASI HILLS,May,2022,231.5
NACOWRY,Andaman and Nicobar Islands,NICOBAR,May,2022,200.2
LUDHIANA(A),Punjab,LUDHIANA,May,2022,8
NARSAPUR,Andhra Pradesh,WEST GODAVARI,May,2022,29.1
AMRITSAR(A),Punjab,AMRITSAR,May,2022,17.1
BANKURA 1,West Bengal,BANKURA,May,2022,199.7
COOCH BEHAR (A),West Bengal,COOCH BEHAR,May,2022,275.4
DAHANU,Maharashtra,THANE,May,2022,85.5
HISSAR,Haryana,HISSAR,May,2022,25.8
SAGAR,Madhya Pradesh,SAGAR,May,2022,80.2
NAGPUR (A),Maharashtra,NAGPUR ,May,2022,39.9
COONOOR,Tamil Nadu,NILGIRIS,May,2022,305.5
NELLORE,Andhra Pradesh,NELLORE,May,2022,15.8
KURNOOL,Andhra Pradesh,KURNOOL,May,2022,72.5
PATIALA,Punjab,PATIALA,May,2022,54.4
SUNDERNAGAR,Himachal Pradesh,MANDI,May,2022,49.9
HYDERABAD(A),Telangana,HYDERABAD,May,2022,34.5
DHARAMSHALA,Himachal Pradesh,KANGRA,May,2022,197.4
BARAMATI,Maharashtra,PUNE,May,2022,0.6
T.B.I.A.(THANE- BELAPUR),Maharashtra,THANE,May,2022,22
KOCHI (NAS),Kerala,ERNAKULAM,May,2022,490.5
ITANAGAR MO (NAHARLAGUN),Arunachal Pradesh,PAPUM PARE,May,2022,406
AGATHI(A),Lakshadweep,LAKSHADWEEP,May,2022,477.3
DALTONGANJ,Jharkhand,PALAMAU,May,2022,16
KANYAKUMARI,Tamil Nadu,KANYAKUMARI,May,2022,340.7
UNA,Himachal Pradesh,UNA,May,2022,14
KUPWARA,Jammu and Kashmir,KUPWARA,May,2022,24.6
GANNAVARAM(A),Andhra Pradesh,KRISHNA,May,2022,131.7
IMPHAL / TULIHAL(A),Manipur,IMPHAL EAST,Nov,2022,0.3
GULMARG,Jammu and Kashmir,BARAMULA,Nov,2022,13.6
PASIGHAT(A),Arunachal Pradesh,EAST SIANG,Nov,2022,2.8
BHADRACHALAM (KOTHAGUDEM),Telangana,B.KOTHAGUDEM,Nov,2022,13.2
BETUL,Madhya Pradesh,BETUL,Nov,2022,22
SUNDERNAGAR,Himachal Pradesh,MANDI,Nov,2022,2.3
KATHUA,Jammu and Kashmir,KATHUA,Nov,2022,0
AIZWAL / LENGPUI (A),Mizoram,AIZWAL,Nov,2022,47
NAGPUR (A),Maharashtra,NAGPUR ,Nov,2022,3.9
GONDIA,Maharashtra,GONDIA,Nov,2022,0
BHAGALPUR,Bihar,BHAGALPUR,Nov,2022,0
GOPALPUR,Odisha,GANJAM,Nov,2022,320.7
HYDERABAD(A),Telangana,HYDERABAD,Nov,2022,9.4
TUNI,Andhra Pradesh,EAST GODAVARI,Nov,2022,152.4
NIZAMABAD,Telangana,NIZAMABAD,Nov,2022,11.3
RANCHI(A),Jharkhand,RANCHI,Nov,2022,83.6
PALAKKAD (PALGHAT),Kerala,PALAKKAD,Nov,2022,235.3
KATRA,Jammu and Kashmir,REASI,Nov,2022,0
AMBALA,Haryana,AMBALA,Nov,2022,0
NELLORE,Andhra Pradesh,NELLORE,Nov,2022,719.2
KODAIKANAL,Tamil Nadu,DINDIGUL,Nov,2022,356.6
THRISSUR (TRICHUR),Kerala,THRISSUR,Nov,2022,364.2
KURNOOL,Andhra Pradesh,KURNOOL,Nov,2022,84.7
THIRUVANATHAPURAM (A) (TRIVANDRUM,Kerala,THIRUVANATHA PURAM,Nov,2022,305.6
KOLKATA (ALIPORE),West Bengal,SOUTH 24 PARGANAS,Nov,2022,2.1
KEONJHARGARH,Odisha,KEONJHAR,Nov,2022,25.9
KOLKATA /DUM DUM(A),West Bengal,NORTH 24 PARGANAS,Nov,2022,7.9
JAMSHEDPUR(A),Jharkhand,EAST SINGHBHUM,Nov,2022,11.8
KHANDWA,Madhya Pradesh,EAST NIMAR,Nov,2022,2
PATNA(A),Bihar,PATNA,Nov,2022,0
BANKURA 1,West Bengal,BANKURA,Nov,2022,28.8
RAMGUNDAM,Telangana,PEDDAPALLE,Nov,2022,51.2
COOCH BEHAR (A),West Bengal,COOCH BEHAR,Nov,2022,0
KUPWARA,Jammu and Kashmir,KUPWARA,Nov,2022,0.1
RAIPUR (LALPUR),Chhattisgarh,RAIPUR,Nov,2022,33.1
PURNEA,Bihar,PURNEA,Nov,2022,0
ONGOLE,Andhra Pradesh,PRAKASAM,Nov,2022,274.4
PORT BLAIR,Andaman and Nicobar Islands,SOUTH ANDAMAN,Nov,2022,228.7
THIRUVANATHAPURAM (TRIVANDRUM),Kerala,THIRUVANATHA PURAM,Nov,2022,638
JAMMU,Jammu and Kashmir,JAMMU,Nov,2022,0
INDORE(A),Madhya Pradesh,INDORE,Nov,2022,0.2
BHUNTAR(A),Himachal Pradesh,KULU,Nov,2022,0.8
PENDRA ROAD,Chhattisgarh,BILASPUR,Nov,2022,5.7
ANATAPUR,Andhra Pradesh,ANATAPUR,Nov,2022,107.7
MADURAI(A),Tamil Nadu,MADURAI,Nov,2022,329.5
BANIHAL,Jammu and Kashmir,RAMBAN,Nov,2022,0
SHIMLA,Himachal Pradesh,SHIMLA,Nov,2022,2
BATOTE,Jammu and Kashmir,RAMBAN,Nov,2022,2.6
PURI,Odisha,PURI,Nov,2022,148.1
KOZHIKODE (AIRPORT) / KARIPUR,Kerala,MALAPPURAM,Nov,2022,226.6
BAPTLA,Andhra Pradesh,GUNTUR,Nov,2022,275.8
KANYAKUMARI,Tamil Nadu,KANYAKUMARI,Nov,2022,299.8
MANA(A),Chhattisgarh,RAIPUR,Nov,2022,72.4
LUCKNOW/AMAUSI(A),Uttar Pradesh,LUCKNOW,Nov,2022,0.1
AKOLA CITY,Maharashtra,AKOLA ,Nov,2022,2.2
VELLORE,Tamil Nadu,VELLORE,Nov,2022,464.3
KAILASHAHAR AERO,Tripura,NORTH TRIPURA,Nov,2022,3
GANNAVARAM(A),Andhra Pradesh,KRISHNA,Nov,2022,124.7
SILCHAR,Assam,CACHAR,Nov,2022,0.8
TIRUPATHI (A),Andhra Pradesh,CHITTOOR,Nov,2022,649.1
DALTONGANJ,Jharkhand,PALAMAU,Nov,2022,0
NARSAPUR,Andhra Pradesh,WEST GODAVARI,Nov,2022,280.7
ASANSOL,West Bengal,PASCHIM BARDHAMAN,Nov,2022,0
KUKERNAG,Jammu and Kashmir,ANATNAG,Nov,2022,0
DIAMOND HARBOUR,West Bengal,SOUTH 24 PARGANAS,Nov,2022,39.2
PARADIP(CWR),Odisha,JAGATSINGHPUR,Nov,2022,71.9
AGARTALA,Tripura,WEST TRIPURA,Nov,2022,10.2
MAHBOOBNAGAR,Telangana,MAHBOOB NAGAR,Nov,2022,5.2
KAVALI,Andhra Pradesh,NELLORE,Nov,2022,866.4
SRINAGAR,Jammu and Kashmir,SRINAGAR,Nov,2022,3.2
SHANTINIKETAN,West Bengal,BIRBHUM,Nov,2022,63.2
HALDIA,West Bengal,PURBA MEDNAPUR,Nov,2022,2.7
KHAMMAM,Telangana,KHAMMAM,Nov,2022,39.8
BHUBANESHWAR(A),Odisha,KHURDAH,Nov,2022,81.6
BADARWAH,Jammu and Kashmir,DODA,Nov,2022,17
KAKINADA,Andhra Pradesh,EAST GODAVARI,Nov,2022,219.4
SAMBALPUR,Odisha,SAMBALPUR,Nov,2022,20.7
PACHMARHI,Madhya Pradesh,HOSHANGABAD,Nov,2022,10
DIGHA,West Bengal,PURBA MEDNAPUR,Nov,2022,3.3
BALASORE,Odisha,BALASORE,Nov,2022,3.1
COIMBATORE / PEELAMEDU (A),Tamil Nadu,COIMBATORE,Nov,2022,195.6
AGATHI(A),Lakshadweep,LAKSHADWEEP,Nov,2022,171.2
MALDA,West Bengal,MALDAH,Nov,2022,0
MEDAK,Telangana,MEDAK,Nov,2022,75
KALINGAPATNAM,Andhra Pradesh,SRIKAKULAM,Nov,2022,281.7
JALPAIGURI,West Bengal,JALPAIGURI,Nov,2022,0
SOLAN,Himachal Pradesh,SOLAN,Nov,2022,0
QUAZI GUND,Jammu and Kashmir,ANATNAG,Nov,2022,0
PAHALGAM,Jammu and Kashmir,ANATNAG,Nov,2022,1.4
SRINAGAR,Jammu and Kashmir,SRINAGAR,Oct,2022,77.4
JAMMU,Jammu and Kashmir,JAMMU,Oct,2022,25.5
TUNI,Andhra Pradesh,EAST GODAVARI,Oct,2022,113.7
BAPTLA,Andhra Pradesh,GUNTUR,Oct,2022,178.4
CHENNAI (NUNGAMBAKKAM),Tamil Nadu,CHENNAI,Oct,2022,216.4
KHAMMAM,Telangana,KHAMMAM,Oct,2022,57.4
KANNUR (CANNAORE),Kerala,KANNUR,Oct,2022,624.6
PORT BLAIR,Andaman and Nicobar Islands,SOUTH ANDAMAN,Oct,2022,307.2
MANDI,Himachal Pradesh,MANDI,Oct,2022,2.5
ITANAGAR MO (NAHARLAGUN),Arunachal Pradesh,PAPUM PARE,Oct,2022,66.8
AGARTALA,Tripura,WEST TRIPURA,Oct,2022,138.7
KOLKATA (ALIPORE),West Bengal,SOUTH 24 PARGANAS,Oct,2022,144.3
ADILABAD,Telangana,ADILABAD,Oct,2022,46.4
KHANDWA,Madhya Pradesh,EAST NIMAR,Oct,2022,48.2
KAILASHAHAR AERO,Tripura,NORTH TRIPURA,Oct,2022,126.2
CAR NICOBAR,Andaman and Nicobar Islands,NICOBAR,Oct,2022,404.8
THIRUVANATHAPURAM (A) (TRIVANDRUM,Kerala,THIRUVANATHA PURAM,Oct,2022,402.4
NACOWRY,Andaman and Nicobar Islands,NICOBAR,Oct,2022,134.7
ASANSOL,West Bengal,PASCHIM BARDHAMAN,Oct,2022,165.7
GANNAVARAM(A),Andhra Pradesh,KRISHNA,Oct,2022,180.1
BHADRACHALAM (KOTHAGUDEM),Telangana,B.KOTHAGUDEM,Oct,2022,106
NELLORE,Andhra Pradesh,NELLORE,Oct,2022,72.1
JALPAIGURI,West Bengal,JALPAIGURI,Oct,2022,319.2
PURI,Odisha,PURI,Oct,2022,58.1
AGATHI(A),Lakshadweep,LAKSHADWEEP,Oct,2022,156.2
KANYAKUMARI,Tamil Nadu,KANYAKUMARI,Oct,2022,356.1
SOLAN,Himachal Pradesh,SOLAN,Oct,2022,35.6
RAMGUNDAM,Telangana,PEDDAPALLE,Oct,2022,13.8
UNA,Himachal Pradesh,UNA,Oct,2022,57.6
JORHAT (PET),Assam,JORHAT,Oct,2022,105.4
PENDRA ROAD,Chhattisgarh,BILASPUR,Oct,2022,56.3
KAVALI,Andhra Pradesh,NELLORE,Oct,2022,87.1
BADARWAH,Jammu and Kashmir,DODA,Oct,2022,11.8
ONGOLE,Andhra Pradesh,PRAKASAM,Oct,2022,100.1
KATRA,Jammu and Kashmir,REASI,Oct,2022,88
COOCH BEHAR (A),West Bengal,COOCH BEHAR,Oct,2022,425.4
AKOLA CITY,Maharashtra,AKOLA ,Oct,2022,108.1
NARSAPUR,Andhra Pradesh,WEST GODAVARI,Oct,2022,127.1
SILCHAR,Assam,CACHAR,Oct,2022,149.4
KOTTAYAM,Kerala,KOTTAYAM,Oct,2022,479.6
SHANTINIKETAN,West Bengal,BIRBHUM,Oct,2022,211
AIZWAL / LENGPUI (A),Mizoram,AIZWAL,Oct,2022,163.1
TIRUPATHI (A),Andhra Pradesh,CHITTOOR,Oct,2022,135.5
DIBRUGARH / MOHANBARI (A),Assam,DIBRUGARH,Oct,2022,132
BHAUNAGAR(A),Gujarat,BHAVNAGAR,Oct,2022,2.4
KEONJHARGARH,Odisha,KEONJHAR,Oct,2022,94.8
MAHBOOBNAGAR,Telangana,MAHBOOB NAGAR,Oct,2022,42.8
KODAIKANAL,Tamil Nadu,DINDIGUL,Oct,2022,404.6
PASIGHAT(A),Arunachal Pradesh,EAST SIANG,Oct,2022,322.8
NIZAMABAD,Telangana,NIZAMABAD,Oct,2022,18.5
ANATAPUR,Andhra Pradesh,ANATAPUR,Oct,2022,99.3
MALDA,West Bengal,MALDAH,Oct,2022,42
PARADIP(CWR),Odisha,JAGATSINGHPUR,Oct,2022,292.2
KURNOOL,Andhra Pradesh,KURNOOL,Oct,2022,75.4
PALAKKAD (PALGHAT),Kerala,PALAKKAD,Oct,2022,445.2
BHAGALPUR,Bihar,BHAGALPUR,Oct,2022,216.9
MACHILIPATNAM(CDR),Andhra Pradesh,KRISHNA,Oct,2022,127.2
KAKINADA,Andhra Pradesh,EAST GODAVARI,Oct,2022,134.1
KOCHI A.P.(NEDUMBASSERY),Kerala,ERNAKULAM,Oct,2022,526
SUNDERNAGAR,Himachal Pradesh,MANDI,Oct,2022,4.1
THRISSUR (TRICHUR),Kerala,THRISSUR,Oct,2022,593.2
PAMBAN,Tamil Nadu,RAMANATHAPURAM,Oct,2022,231.1
THIRUVANATHAPURAM (TRIVANDRUM),Kerala,THIRUVANATHA PURAM,Oct,2022,453.8
PURNEA,Bihar,PURNEA,Oct,2022,202.9
MANA(A),Chhattisgarh,RAIPUR,Oct,2022,45.7
VELLORE,Tamil Nadu,VELLORE,Oct,2022,139.8
GULMARG,Jammu and Kashmir,BARAMULA,Oct,2022,115.1
JAMSHEDPUR(A),Jharkhand,EAST SINGHBHUM,Oct,2022,187.9
BALASORE,Odisha,BALASORE,Oct,2022,225.8
KATHUA,Jammu and Kashmir,KATHUA,Oct,2022,47.8
BHUBANESHWAR(A),Odisha,KHURDAH,Oct,2022,90.4
DARJEELING,West Bengal,DARJEELING,Oct,2022,214.4
PACHMARHI,Madhya Pradesh,HOSHANGABAD,Oct,2022,92.5
PAHALGAM,Jammu and Kashmir,ANATNAG,Oct,2022,84.2
BATOTE,Jammu and Kashmir,RAMBAN,Oct,2022,47.4
DALTONGANJ,Jharkhand,PALAMAU,Oct,2022,47.2
RANCHI(A),Jharkhand,RANCHI,Oct,2022,99
HYDERABAD(A),Telangana,HYDERABAD,Oct,2022,164.5
KOLKATA /DUM DUM(A),West Bengal,NORTH 24 PARGANAS,Oct,2022,184.5
KUKERNAG,Jammu and Kashmir,ANATNAG,Oct,2022,96.6
DHUBRI,Assam,DHUBRI,Oct,2022,360.8
LUCKNOW/AMAUSI(A),Uttar Pradesh,LUCKNOW,Oct,2022,77.6
BANIHAL,Jammu and Kashmir,RAMBAN,Oct,2022,73.4
KUPWARA,Jammu and Kashmir,KUPWARA,Oct,2022,39.6
QUAZI GUND,Jammu and Kashmir,ANATNAG,Oct,2022,98
BHUNTAR(A),Himachal Pradesh,KULU,Oct,2022,1
TEZPUR,Assam,SONITPUR,Oct,2022,81.2
PATNA(A),Bihar,PATNA,Oct,2022,61.1
BARAPANI/UMROI(A),Meghalaya,RI BHOI,Oct,2022,186.3
SHILLONG (CSO),Meghalaya,EAST KHASI HILLS,Oct,2022,108
HALDIA,West Bengal,PURBA MEDNAPUR,Oct,2022,331.1
RAIPUR (LALPUR),Chhattisgarh,RAIPUR,Oct,2022,61.8
SAMBALPUR,Odisha,SAMBALPUR,Oct,2022,28.4
DIGHA,West Bengal,PURBA MEDNAPUR,Oct,2022,282.9
CHERRAPUNJI,Meghalaya,EAST KHASI HILLS,Oct,2022,302.2
GOPALPUR,Odisha,GANJAM,Oct,2022,275.2
BANKURA 1,West Bengal,BANKURA,Oct,2022,184.3
SHIMLA,Himachal Pradesh,SHIMLA,Oct,2022,33.2
NORTH LAKHIMPUR(A) / LILABARI,Assam,LAKHIMPUR,Oct,2022,102.8
NAGPUR (A),Maharashtra,NAGPUR ,Oct,2022,6.3
INDORE(A),Madhya Pradesh,INDORE,Oct,2022,53.8
MEDAK,Telangana,MEDAK,Oct,2022,62.4
BETUL,Madhya Pradesh,BETUL,Oct,2022,21.4
JAGDALPUR,Chhattisgarh,BASTAR,Oct,2022,94.5
KALINGAPATNAM,Andhra Pradesh,SRIKAKULAM,Oct,2022,153.7
AMBALA,Haryana,AMBALA,Sep,2022,154.2
PAHALGAM,Jammu and Kashmir,ANATNAG,Sep,2022,100.4
IMPHAL / TULIHAL(A),Manipur,IMPHAL EAST,Sep,2022,76.6
KEONJHARGARH,Odisha,KEONJHAR,Sep,2022,291.8
DARJEELING,West Bengal,DARJEELING,Sep,2022,202.2
AKOLA CITY,Maharashtra,AKOLA ,Sep,2022,268.6
KAVALI,Andhra Pradesh,NELLORE,Sep,2022,71.7
KOLKATA /DUM DUM(A),West Bengal,NORTH 24 PARGANAS,Sep,2022,589.5
ADIRAMPATTINAM,Tamil Nadu,THANJAVUR,Sep,2022,248.6
KUKERNAG,Jammu and Kashmir,ANATNAG,Sep,2022,55.2
RANCHI(A),Jharkhand,RANCHI,Sep,2022,347
PAMBAN,Tamil Nadu,RAMANATHAPURAM,Sep,2022,0.6
SHIMLA,Himachal Pradesh,SHIMLA,Sep,2022,286.1
QUAZI GUND,Jammu and Kashmir,ANATNAG,Sep,2022,73.6
MADURAI(A),Tamil Nadu,MADURAI,Sep,2022,240.6
NIZAMABAD,Telangana,NIZAMABAD,Sep,2022,267.3
TIRUCHIRAPALLI (A),Tamil Nadu,TIRUCHIRAPALLI,Sep,2022,95.8
ALAPPUZHA (ALLEPPEY),Kerala,ALAPPUZHA,Sep,2022,368.2
AMINI DIVI,Lakshadweep,LAKSHADWEEP,Sep,2022,160.2
BADARWAH,Jammu and Kashmir,DODA,Sep,2022,25
PURI,Odisha,PURI,Sep,2022,223.6
LUCKNOW/AMAUSI(A),Uttar Pradesh,LUCKNOW,Sep,2022,200.1
CHANDBALI,Odisha,BHADRAK,Sep,2022,454.8
BHUNTAR(A),Himachal Pradesh,KULU,Sep,2022,114
CHENNAI (MINAMBAKKAM (A)),Tamil Nadu,CHENNAI,Sep,2022,113.2
KUPWARA,Jammu and Kashmir,KUPWARA,Sep,2022,30.9
MAHBOOBNAGAR,Telangana,MAHBOOB NAGAR,Sep,2022,259.8
THRISSUR (TRICHUR),Kerala,THRISSUR,Sep,2022,291.7
JORHAT (PET),Assam,JORHAT,Sep,2022,125.8
KANNUR (CANNAORE),Kerala,KANNUR,Sep,2022,350.3
BANIHAL,Jammu and Kashmir,RAMBAN,Sep,2022,31.9
HYDERABAD(A),Telangana,HYDERABAD,Sep,2022,220
MACHILIPATNAM(CDR),Andhra Pradesh,KRISHNA,Sep,2022,182.2
ONGOLE,Andhra Pradesh,PRAKASAM,Sep,2022,116.4
BETUL,Madhya Pradesh,BETUL,Sep,2022,157.2
KARAIKAL,Puducherry,PUDUCHERRY,Sep,2022,85.2
ADILABAD,Telangana,ADILABAD,Sep,2022,345.5
KATRA,Jammu and Kashmir,REASI,Sep,2022,266
MEDAK,Telangana,MEDAK,Sep,2022,492.2
NELLORE,Andhra Pradesh,NELLORE,Sep,2022,81.2
KOCHI A.P.(NEDUMBASSERY),Kerala,ERNAKULAM,Sep,2022,275.1
PURNEA,Bihar,PURNEA,Sep,2022,70
PATNA(A),Bihar,PATNA,Sep,2022,112.9
KODAIKANAL,Tamil Nadu,DINDIGUL,Sep,2022,169.9
AMBIKAPUR,Chhattisgarh,SARGUJA,Sep,2022,122.9
MALDA,West Bengal,MALDAH,Sep,2022,43.2
MANGALORE(PANAMBUR),Karnataka,DAKSHIN KANNADA,Sep,2022,215.8
SALEM,Tamil Nadu,SALEM,Sep,2022,308.1
AGATHI(A),Lakshadweep,LAKSHADWEEP,Sep,2022,148.9
JAMSHEDPUR(A),Jharkhand,EAST SINGHBHUM,Sep,2022,377.2
CAR NICOBAR,Andaman and Nicobar Islands,NICOBAR,Sep,2022,458.2
SILCHAR,Assam,CACHAR,Sep,2022,219.5
DHUBRI,Assam,DHUBRI,Sep,2022,75.2
MUMBAI (SANTACRUZ (A)),Maharashtra,GREATER MUMBAI,Sep,2022,167.5
KURNOOL,Andhra Pradesh,KURNOOL,Sep,2022,32.9
INDORE(A),Madhya Pradesh,INDORE,Sep,2022,471.8
KANYAKUMARI,Tamil Nadu,KANYAKUMARI,Sep,2022,17.6
KHAMMAM,Telangana,KHAMMAM,Sep,2022,232
KALINGAPATNAM,Andhra Pradesh,SRIKAKULAM,Sep,2022,329
UNA,Himachal Pradesh,UNA,Sep,2022,229.4
SOLAN,Himachal Pradesh,SOLAN,Sep,2022,115.3
CHANDIGARH,Haryana,CHANDIGARH,Sep,2022,176.8
PATIALA,Punjab,PATIALA,Sep,2022,178.2
AGARTALA,Tripura,WEST TRIPURA,Sep,2022,251.2
PALAKKAD (PALGHAT),Kerala,PALAKKAD,Sep,2022,323.6
MIDNAPORE,West Bengal,PASCHIM MEDNAPUR,Sep,2022,589.4
PASIGHAT(A),Arunachal Pradesh,EAST SIANG,Sep,2022,76.2
GULMARG,Jammu and Kashmir,BARAMULA,Sep,2022,58.4
BANKURA 1,West Bengal,BANKURA,Sep,2022,279.2
JAMMU,Jammu and Kashmir,JAMMU,Sep,2022,193.2
DIAMOND HARBOUR,West Bengal,SOUTH 24 PARGANAS,Sep,2022,717.1
GOPALPUR,Odisha,GANJAM,Sep,2022,252.8
DIBRUGARH / MOHANBARI (A),Assam,DIBRUGARH,Sep,2022,150.4
PENDRA ROAD,Chhattisgarh,BILASPUR,Sep,2022,232.6
BHADRACHALAM (KOTHAGUDEM),Telangana,B.KOTHAGUDEM,Sep,2022,429
RAIPUR (LALPUR),Chhattisgarh,RAIPUR,Sep,2022,352.8
BAPTLA,Andhra Pradesh,GUNTUR,Sep,2022,204.5
SHILLONG (CSO),Meghalaya,EAST KHASI HILLS,Sep,2022,196.2
KOLKATA (ALIPORE),West Bengal,SOUTH 24 PARGANAS,Sep,2022,613.8
PARADIP(CWR),Odisha,JAGATSINGHPUR,Sep,2022,616.9
NARSAPUR,Andhra Pradesh,WEST GODAVARI,Sep,2022,179.4
VELLORE,Tamil Nadu,VELLORE,Sep,2022,179.1
CANNING,West Bengal,SOUTH 24 PARGANAS,Sep,2022,616.8
BALASORE,Odisha,BALASORE,Sep,2022,488.6
THIRUVANATHAPURAM (TRIVANDRUM),Kerala,THIRUVANATHA PURAM,Sep,2022,202.3
KAILASHAHAR AERO,Tripura,NORTH TRIPURA,Sep,2022,52.6
CHENNAI (NUNGAMBAKKAM),Tamil Nadu,CHENNAI,Sep,2022,92.1
LUDHIANA(A),Punjab,LUDHIANA,Sep,2022,74.7
KATHUA,Jammu and Kashmir,KATHUA,Sep,2022,244
AIZWAL / LENGPUI (A),Mizoram,AIZWAL,Sep,2022,383.1
NORTH LAKHIMPUR(A) / LILABARI,Assam,LAKHIMPUR,Sep,2022,214
KOZHIKODE,Kerala,KOZHIKODE,Sep,2022,341.7
JAGDALPUR,Chhattisgarh,BASTAR,Sep,2022,216.4
ITANAGAR MO (NAHARLAGUN),Arunachal Pradesh,PAPUM PARE,Sep,2022,200.6
KOTTAYAM,Kerala,KOTTAYAM,Sep,2022,374.2
SRINAGAR,Jammu and Kashmir,SRINAGAR,Sep,2022,44.1
DIGHA,West Bengal,PURBA MEDNAPUR,Sep,2022,596.4
GANNAVARAM(A),Andhra Pradesh,KRISHNA,Sep,2022,285.9
ANATAPUR,Andhra Pradesh,ANATAPUR,Sep,2022,12.2
KAKINADA,Andhra Pradesh,EAST GODAVARI,Sep,2022,372
JALPAIGURI,West Bengal,JALPAIGURI,Sep,2022,331.5
BHAGALPUR,Bihar,BHAGALPUR,Sep,2022,143.8
BARAPANI/UMROI(A),Meghalaya,RI BHOI,Sep,2022,215
DALTONGANJ,Jharkhand,PALAMAU,Sep,2022,214.6
SHANTINIKETAN,West Bengal,BIRBHUM,Sep,2022,266.3
NACOWRY,Andaman and Nicobar Islands,NICOBAR,Sep,2022,136.1
CHERRAPUNJI,Meghalaya,EAST KHASI HILLS,Sep,2022,226.3
BATOTE,Jammu and Kashmir,RAMBAN,Sep,2022,70.6
COOCH BEHAR (A),West Bengal,COOCH BEHAR,Sep,2022,246.8
SAGAR,Madhya Pradesh,SAGAR,Sep,2022,225.7
ASANSOL,West Bengal,PASCHIM BARDHAMAN,Sep,2022,105.7
PUDUCHERRY (PONDICHERRY) (A),Puducherry,PUDUCHERRY,Sep,2022,141.5
TEZPUR,Assam,SONITPUR,Sep,2022,285.8
COIMBATORE / PEELAMEDU (A),Tamil Nadu,COIMBATORE,Sep,2022,38.9
NAGPUR (A),Maharashtra,NAGPUR ,Sep,2022,355
RAMGUNDAM,Telangana,PEDDAPALLE,Sep,2022,320.2
